,X,Y,Class
0,0.7350066605811630,1.5492871047505000,c1
1,0.3007437791640280,1.3634799860961800,c1
2,0.5452798979425380,1.0787694689648900,c1
3,1.1630972665054300,2.2086322872085800,c1
4,0.05736367735778570,0.6361622223119490,c1
5,0.6419184304623080,1.0542290936756000,c1
6,1.9109453919748700,2.2346899269433200,c1
7,1.1514071717040500,1.9722098806085500,c1
8,1.6497823982141400,2.0378215032207500,c1
9,1.3825218107065900,1.887758098072630,c1
10,1.835453737344650,2.9856879883806200,c1
11,1.1434172549975400,2.162734515671260,c1
12,1.3823795818566400,2.317183108905150,c1
13,1.7999184415708600,2.419345323200760,c1
14,1.9849326690685900,2.917812256897,c1
15,0.8416347762615450,2.228971630069320,c1
16,0.2148086157878170,1.2225300950235600,c1
17,0.6009232045886780,1.9345393809588500,c1
18,0.6140466358113890,1.4060211930175500,c1
19,0.5094697681506440,1.6174804271990500,c1
20,0.7260669782999030,1.2256946881309900,c1
21,0.5163892092392230,1.1394856324951900,c1
22,0.8174295597831410,1.9766867823988200,c1
23,1.8116334779458200,2.2936866683465,c1
24,1.018886294470870,1.9971406899731500,c1
25,1.0035258787376000,2.0375306556706900,c1
26,0.9939343742064530,2.309259295992170,c1
27,2.523045987419090,3.261700526493590,c1
28,1.1659578298780400,2.3715175640891600,c1
29,1.8057043771709700,2.2324987558467100,c1
30,-0.1905544622199960,1.3714146454985700,c1
31,1.716264919607570,2.664005316616930,c1
32,1.1256335985999600,1.2401644774118500,c1
33,0.9264987759771700,2.1535578040087500,c1
34,1.2053485112438900,2.615718180458970,c1
35,1.2403815924569600,2.397778757037700,c1
36,0.8332858148984160,1.367634211091510,c1
37,1.0101264145313100,1.8753560271116600,c1
38,0.7734180899056360,2.4871111216136100,c1
39,1.5550086590860400,2.393889615537670,c1
40,1.9074568694033400,2.0048663907639900,c1
41,0.3461127440237420,1.2402708376021100,c1
42,1.2536061025761100,2.2670403986421200,c1
43,1.1087434842926200,1.943001621097220,c1
44,1.2440548813299700,1.7943852245274000,c1
45,0.6529642308478950,1.4270729987829900,c1
46,0.8875211247096560,1.437783362096390,c1
47,1.037295777464840,2.7595422837438100,c1
48,1.465340315822870,2.378764052009930,c1
49,2.6764868182781800,3.0980608173779600,c1
50,0.8158961259457570,1.3271748239573400,c1
51,1.3105415029529300,2.3076062767910400,c1
52,1.4977752709655900,2.8377595596595800,c1
53,1.1425672375429000,1.7513787679931300,c1
54,0.5423714831435420,1.662293765983140,c1
55,0.012857305035956300,1.0710480304097800,c1
56,1.4532268587833100,2.205508776905470,c1
57,0.9615704371397740,1.7465641182859600,c1
58,0.045529709621291400,0.9435751104821860,c1
59,0.9560815406359960,1.5549084839741000,c1
60,0.9733925491306860,1.3726851595637900,c1
61,0.30337961472935800,1.3186234732077600,c1
62,0.41378797392880900,1.5777853325283800,c1
63,0.8873176559438830,2.1839274761977400,c1
64,1.5051538937832700,2.081555892561100,c1
65,0.4741576747222970,2.285581078370090,c1
66,-0.07322678611925660,1.4219745067033100,c1
67,1.5739836792589700,2.5447848598524800,c1
68,0.7906268699581450,2.0891954227440500,c1
69,1.3125132112074900,2.0614257113474300,c1
70,1.7483071637394900,2.562541579567870,c1
71,1.1641132769108200,2.149394788115340,c1
72,1.867971238537940,3.049783507686960,c1
73,0.09587590904647850,1.2870176446843100,c1
74,1.6589051418985400,2.6399944546684300,c1
75,1.1746707730461900,2.240912308838900,c1
76,0.7918227944390720,1.9737399550712000,c1
77,1.0694017195347800,2.413833478041220,c1
78,1.0040929131272000,2.379748047474730,c1
79,0.9638774371577910,2.1508567862048200,c1
80,1.6992443007442100,2.0634872509364500,c1
81,0.5121345332758590,1.6194772745036100,c1
82,1.4457646320550800,2.020054383157580,c1
83,1.124305003493780,2.482619814996310,c1
84,1.7675096688356700,1.6455402488181900,c1
85,0.6225824548041520,1.5025580331278100,c1
86,1.2364234829217000,2.9274004966771300,c1
87,1.5271972483909200,2.0065419571246900,c1
88,1.3581661033435400,2.1244990178246000,c1
89,1.5865651102072700,1.657808990007540,c1
90,1.7406665917727100,3.1213125325998300,c1
91,1.0970930195492500,2.3995644412317300,c1
92,-0.450152193634463,0.553843361343243,c1
93,0.8282620265705870,1.6081047458237300,c1
94,0.43184639581584300,2.1116697957375500,c1
95,0.7724383398787890,1.4414683667181800,c1
96,0.9040582683787040,1.9657182169062500,c1
97,0.7384018001258220,1.623940625760350,c1
98,0.17457713904035100,1.6748986404111400,c1
99,1.813216440552010,1.595913515569190,c1
100,1.4130278846890600,1.7484064755954600,c1
101,2.1563593006022100,3.1808368629954100,c1
102,0.23985730464061600,1.2888918381672100,c1
103,0.8297494276146930,1.9398688505637900,c1
104,0.9413870542674810,2.286124450850500,c1
105,1.8451572323136100,2.884436524615760,c1
106,1.1957091187814100,1.8989140964128500,c1
107,1.034274745539390,1.476679754926760,c1
108,1.2053991368586100,1.8760386888371200,c1
109,0.6343239021088270,1.7348837662436600,c1
110,1.0719680973237700,2.1380561565473000,c1
111,1.2913070856481000,2.4547914854014000,c1
112,0.3845295543493860,1.4497074767606100,c1
113,0.6034963621468620,1.8191728781652300,c1
114,0.6398193052776850,1.5766097368077400,c1
115,0.9167475113657270,3.2752985722685100,c1
116,0.5319186216699730,2.605305211013710,c1
117,1.8219717532227200,1.7541589865669000,c1
118,1.5745790091835200,1.8562341357040100,c1
119,0.2915624875435590,1.0707620233422400,c1
120,0.498797436172581,2.385351600377770,c1
121,1.18736098218623,2.3474292854471900,c1
122,0.6829409690611630,2.1320246228809500,c1
123,0.7816409576697260,2.201607708344320,c1
124,1.0950389599181100,2.3257374933370300,c1
125,0.2579610755593250,2.3852112818496400,c1
126,1.6502498119445300,2.3092920633190600,c1
127,0.4966696799219550,1.5013810166680400,c1
128,1.001818954441460,1.9827381597709200,c1
129,0.24057374835781400,0.9369817166333490,c1
130,1.0082699330572300,1.9363427459489500,c1
131,0.9701372294361260,1.8135865248825900,c1
132,0.7495647923829970,2.308006372427860,c1
133,0.30669115274053600,1.9438210127322100,c1
134,0.7785144296733730,1.8140898986179400,c1
135,0.6463117853858820,2.0122861915887600,c1
136,2.88041464294037,3.691861656109760,c1
137,0.8477828378120080,2.263279937454780,c1
138,1.2130209812588100,1.712808387479680,c1
139,1.7061439275084500,2.9904303637325800,c1
140,0.9337791179316670,1.8256387195375700,c1
141,0.8239332539308290,2.0032809948451100,c1
142,1.143922825145330,2.122477111252920,c1
143,1.2910452050171500,1.9365290633250600,c1
144,1.7975920102954900,2.8097183253029200,c1
145,0.795127427792796,1.975896237237740,c1
146,1.2953662172106000,2.4296198100033600,c1
147,1.2782802808602100,2.941024175616210,c1
148,0.3006347288272760,2.3987886236219200,c1
149,1.5243342704154300,2.163475660844700,c1
150,1.0561884504651700,1.7351385815730900,c1
151,2.2196738435702100,1.851603293522420,c1
152,1.0048592202080100,2.2816201896642100,c1
153,2.1420591860959000,2.323289098420180,c1
154,0.2730436983964030,1.1886184720409900,c1
155,1.1670794159887600,1.8287608582268400,c1
156,0.4578981759780800,1.5653663116837400,c1
157,1.3538128253083900,2.353511741303540,c1
158,1.0553400101823200,2.3077265492509600,c1
159,2.0620611870237700,2.7700487206960000,c1
160,0.8945335038580910,1.5884193871667800,c1
161,0.9505234329193660,2.1139356845282600,c1
162,0.7286342547434440,1.998447471881980,c1
163,0.8714238982327000,1.630516820145730,c1
164,0.9996062443023080,1.6519211961065600,c1
165,1.0529766212973000,2.330665510186780,c1
166,2.229793503464230,2.0218167115856900,c1
167,1.335131988388000,3.2052864427181600,c1
168,1.2185326151598700,1.5814039543147200,c1
169,1.780534261675740,2.6492186298364800,c1
170,1.0005149656016000,2.131372068564200,c1
171,1.2241168790696800,1.8270946562799800,c1
172,0.8954061048732350,2.156946302739640,c1
173,1.1838499839807700,2.0605386541221100,c1
174,2.0866333668371300,3.2808482782560400,c1
175,1.1421851762355200,2.428076791619750,c1
176,0.40714423113134200,1.3812655535452900,c1
177,1.5285012034917800,2.7447869418729700,c1
178,0.6011712098393640,1.4649093556566300,c1
179,0.6037744585810000,1.7582291064021000,c1
180,1.3083711599104600,2.2554267142089200,c1
181,1.6697831224542400,2.8721839209656300,c1
182,0.5670417214530750,1.804340875398420,c1
183,0.4984625773200390,1.6912412641749200,c1
184,1.2829344288270700,2.22961754543876,c1
185,0.6218177410313580,1.9218968294992500,c1
186,0.6597186870114490,2.340791907305510,c1
187,1.5360809310834400,2.024428429364620,c1
188,0.572435404208642,1.778102295890440,c1
189,1.5529902498969700,2.4140113157852900,c1
190,0.22325206590684100,1.4558961783852600,c1
191,0.345201064368693,1.6984867486694400,c1
192,1.269504610926480,2.4061568667520200,c1
193,0.1066158341071250,1.410536456823160,c1
194,0.3221123085390770,1.6843312191602100,c1
195,1.7875623070608200,2.08506169590668,c1
196,1.5621212950280100,2.002330813578150,c1
197,0.3737156735983030,1.7473906909368000,c1
198,2.116129148447450,3.1831853898264900,c1
199,1.2009733777844100,2.1125907871772000,c1
200,0.3982041324619990,1.0893845283997000,c1
201,0.3382371790980500,1.9312796403005800,c1
202,1.3891147090338800,1.7615878589426300,c1
203,1.3782501395090200,1.8603661228770600,c1
204,1.2805372469290400,2.1059337867407000,c1
205,0.3597728750982540,1.6309832592712500,c1
206,1.2496069567283000,3.070482692123440,c1
207,1.2522649736021500,2.1948158581711600,c1
208,1.9614518355780600,2.522792857481670,c1
209,1.1244444166477000,1.3364298180126800,c1
210,0.07998035220750500,0.7585803875532690,c1
211,1.4667124765443300,2.1845207036574500,c1
212,0.842993630266998,1.5606356918293800,c1
213,1.6360278537945600,1.0321540055506000,c1
214,1.0758707472120600,1.8929767660732600,c1
215,1.3332274904002700,2.0938564866010900,c1
216,0.8975475512035520,2.485453118102080,c1
217,0.7132265659985980,1.9215049319330800,c1
218,0.72434396072863,1.678895828006400,c1
219,1.0969596274849000,2.5908934703890700,c1
220,0.6578896260979250,2.557709016992700,c1
221,0.8640256915977820,2.3445835390242100,c1
222,1.3931540244916700,2.1927485774119000,c1
223,0.12866217073801200,1.9762817772815900,c1
224,1.5749556748324300,3.1536556379831600,c1
225,1.058719873722550,2.677624355254350,c1
226,1.0876593582965700,1.8169150585474600,c1
227,2.2191986408893000,3.05099733953152,c1
228,1.12091125937984,1.751583039848960,c1
229,0.7381365058513720,1.9386803812116000,c1
230,0.7627208439626830,1.9158638205434800,c1
231,0.7372658300793160,2.3956505166923800,c1
232,1.218029920933150,2.364358150722110,c1
233,0.18318643122477100,2.073271206687250,c1
234,-0.09402021263214210,1.3125922405439000,c1
235,1.0781151434428300,1.6908765957803900,c1
236,0.2796200336790080,1.0904891037421400,c1
237,0.9270737062026580,2.209548356903910,c1
238,1.1420987101554200,2.056020075195090,c1
239,0.6806400525874890,2.228924808811250,c1
240,1.4571935937735600,3.1234603247869600,c1
241,0.1632459788487320,1.3135057089673100,c1
242,1.892305965383260,2.6791776773557600,c1
243,1.3400514039640300,2.1827686086226800,c1
244,0.93496406995792,1.8701862227687800,c1
245,1.8589217751539800,3.1696817365588800,c1
246,0.33238834366713400,1.847566044655930,c1
247,1.675090319327870,2.3455232346901000,c1
248,1.7010577424619000,2.5374057444092300,c1
249,1.0924814421445600,2.166315652889930,c1
250,1.3348499649874400,2.4392284926028500,c1
251,0.7989227354840000,2.2579606188133100,c1
252,2.0803780556765900,2.9098609347982200,c1
253,0.6578172113886150,2.5519799804763400,c1
254,0.5333101612646270,1.8567074825956800,c1
255,0.6602258463326890,2.0143615790182500,c1
256,1.1345188504976400,1.4302677484872800,c1
257,1.669235794118140,2.4250649305323600,c1
258,1.3474147016049700,2.155697317247950,c1
259,1.9821176688172000,2.408705989679300,c1
260,-0.2150906618640130,0.3328207163037960,c1
261,0.7478980179669260,1.4933279555141600,c1
262,0.7701068207616780,2.0501242033098700,c1
263,1.0762546786016800,1.3569018328047500,c1
264,1.5514283994260200,2.8663029044329200,c1
265,0.5986385808607730,2.38196933548854,c1
266,0.9974316987912040,2.133420506063130,c1
267,1.0313194780976300,2.666493926703190,c1
268,-0.07357215478771060,0.6807321835227370,c1
269,-0.14235672630624300,0.8101597732663880,c1
270,0.6002255417850320,2.2180320515126800,c1
271,1.0893578921762400,2.108927191555330,c1
272,1.6132554548553800,1.6966154341230200,c1
273,1.0972491085740100,1.724280408837680,c1
274,1.0980252741255900,1.9528405660696600,c1
275,1.3584975011329100,2.010579595143520,c1
276,0.6986587554270860,1.6576816767717100,c1
277,0.04739448606771920,1.4083095949682500,c1
278,1.7115336203061600,2.706633382623970,c1
279,1.151947905104700,2.2583010675633000,c1
280,0.8002183229123400,1.6423637347952100,c1
281,1.315895411266720,2.9130634169731800,c1
282,0.12562693300379600,1.6071175268998000,c1
283,1.1735639249068000,1.2543995055053200,c1
284,0.15437985534270000,0.9829148771483950,c1
285,1.9003910664565600,2.6764365998010900,c1
286,2.2859430437648800,3.058202320567640,c1
287,1.0259666878877300,1.8744753504375600,c1
288,0.7110524458070680,1.6161654273895600,c1
289,1.5763379285531400,2.637463665939750,c1
290,0.9643387464134150,1.82022586593771,c1
291,1.9101589845027000,1.8187798935607000,c1
292,0.4782665687611280,1.5331860613617100,c1
293,0.9428548308809960,1.4115990164880400,c1
294,1.3654303074257700,2.5586237362884500,c1
295,1.720879344146650,2.654657642408420,c1
296,0.4550564205930120,1.040638453561310,c1
297,0.8686495599933390,1.790487332539590,c1
298,1.0676261288152400,1.8897077272976500,c1
299,1.5588872530198500,1.9260166517419000,c1
300,0.8967616097233550,2.322149192755900,c1
301,1.3284927558157900,2.2422699995131600,c1
302,0.48895433303485400,2.179526823824730,c1
303,0.3946407809968350,2.0008598918957500,c1
304,0.2509693840785230,0.7909020925811930,c1
305,1.4998477311827000,2.3891614952287900,c1
306,0.9749944315916160,2.697319985462960,c1
307,0.08021487490639080,1.6633427769736100,c1
308,0.4437275680896280,1.515380516396220,c1
309,1.7929720562038900,2.6405305590980400,c1
310,1.7076568536977100,1.7323661249497300,c1
311,0.8574338550279590,1.6317733363944800,c1
312,1.2789421149750400,2.271608975679520,c1
313,0.7556181234693070,1.9431424127135500,c1
314,1.6202394060296500,2.3414039765065100,c1
315,0.31034088495938600,1.2414184909109800,c1
316,0.10156667012205000,1.548687363056680,c1
317,0.5134539926026530,2.167731008125470,c1
318,0.809372818583448,1.9891889689028100,c1
319,0.8008051525736400,1.7810694858645400,c1
320,0.6897777381091210,2.0794866962531,c1
321,1.2888558679223400,3.1626446649037500,c1
322,1.2420384051179700,1.3713273262790700,c1
323,1.3036325291249200,1.7394078585129700,c1
324,1.2126706545568900,2.6971437396589700,c1
325,0.15106852821639300,1.3004627894186400,c1
326,0.9486491334468020,1.7197504669183900,c1
327,1.5562629319644500,1.8479869258625200,c1
328,1.6947173655105400,3.1040674785195500,c1
329,0.8697997924602010,2.5951126033648100,c1
330,0.9922681716474570,2.6149429875179300,c1
331,1.2265233941952600,2.1829876732304800,c1
332,1.274854275115190,1.7231894862179300,c1
333,0.7354296550281150,2.4765429347464000,c1
334,0.8148220175552230,2.138785171575930,c1
335,0.6960791882813190,1.4139210509858600,c1
336,0.9174820907887240,1.9791690516043400,c1
337,1.614039568624510,2.770575269396910,c1
338,1.0973933939207600,2.0917464992175500,c1
339,1.5236326569683500,3.210065952472960,c1
340,0.24730918540972100,1.6475151905881500,c1
341,1.4832128463237000,1.7988382070209900,c1
342,0.517740642473513,2.4317977739012500,c1
343,0.7878515381519010,1.5028885418456400,c1
344,1.338970543601910,2.7652577130712300,c1
345,0.9994062317107900,2.318821567352720,c1
346,1.8862626365296200,2.685536277639780,c1
347,0.6214426235073310,1.7553856235113800,c1
348,1.6235985201529000,2.6131375005361700,c1
349,0.7712759912964350,2.000781949745100,c1
350,1.8735142856670200,2.9501558954978900,c1
351,0.8007089788973400,1.8891904870694300,c1
352,0.8455140791069860,2.5132147942354200,c1
353,1.62597069334839,2.1375538181944300,c1
354,0.7251472017988900,2.191601244386980,c1
355,1.6203191933609700,2.161968874495090,c1
356,0.4827447822609080,2.5760761547514300,c1
357,1.2314746095355300,1.7116608219165000,c1
358,0.7241257561773220,2.099448643904600,c1
359,0.7773872261084810,1.9890185959519300,c1
360,1.0960752063268500,2.4725107488244100,c1
361,2.0169465982019800,2.1481149258798800,c1
362,0.40962926638634400,2.0931217176336500,c1
363,0.7462817186107450,2.512697886528050,c1
364,1.4117599902880700,2.271192269754580,c1
365,0.03659463349635210,1.3485321116875500,c1
366,1.3407074025213700,1.1862639343785300,c1
367,0.7229514350515730,2.043236799038590,c1
368,0.5441519023492750,2.2186772138022300,c1
369,0.5452607226003730,1.0586424121239000,c1
370,0.8377065648620250,1.7426548082831400,c1
371,0.6632112602227910,1.362105553042510,c1
372,0.5971994850696970,1.0898182900271200,c1
373,0.7684360962085220,1.8186125424496100,c1
374,0.8583754049298230,2.1363304361394900,c1
375,0.9890836144816960,1.887936867741060,c1
376,1.3619257294059300,2.3128935600120600,c1
377,0.3790616474138420,1.3696239450958700,c1
378,1.0989579188197300,2.146901272830750,c1
379,1.0786051013135400,1.7767736318269500,c1
380,1.5678982818084500,2.610984976050410,c1
381,0.8008234493922970,1.9508372949245300,c1
382,0.7827109741061540,0.9911136142539070,c1
383,0.7587203374647690,2.135336192914510,c1
384,1.0257591072537900,1.625664322562260,c1
385,0.92950600267712,1.9824723688384800,c1
386,0.7961977068935300,2.041443469433740,c1
387,1.3642252985367900,2.187128917189470,c1
388,0.9489481683974500,2.379334206039540,c1
389,1.6547008209891000,2.8370169019930100,c1
390,0.9254717992089020,1.0063294324915300,c1
391,0.6455607684205710,1.0802244512296100,c1
392,1.747630242604890,1.8666794286711800,c1
393,1.1743160833401800,1.5723915859500600,c1
394,1.5553188337199500,2.8876142071265200,c1
395,0.32208442496284700,1.7033353854777500,c1
396,0.8963333599252820,1.5450903955169200,c1
397,0.6342866831726470,2.6101351991656200,c1
398,-0.4778581363610900,1.0131484492686700,c1
399,1.0394924554616300,1.4909099083540200,c1
400,0.8446095290201050,1.3759688155654400,c1
401,1.5185373422568500,2.6344813412891300,c1
402,1.557098210350650,2.6545652253368500,c1
403,1.2296703861076000,1.5049876213054900,c1
404,1.5509094877444000,2.922829723565430,c1
405,1.8108722002884900,2.704328329600190,c1
406,0.29891591037851900,1.6355504353626000,c1
407,0.8657644200438460,2.2815835218060200,c1
408,1.2769860972517000,1.4984582871376900,c1
409,0.9472316065464050,2.0012317857218900,c1
410,1.3492634731196700,3.005404375954130,c1
411,1.0171008398940400,2.2286050555000300,c1
412,0.857276230971983,2.2216875395671500,c1
413,0.49468507364080800,1.450404529484020,c1
414,2.050531840392700,2.4413335273097800,c1
415,0.7798558178649520,1.6315045423928600,c1
416,2.096010604404420,2.5489605190843500,c1
417,0.8531006986648700,1.1658564421925400,c1
418,1.599166300507370,2.882880208956760,c1
419,1.1110156625870100,1.8815794844643100,c1
420,0.7070404558957060,1.7453938086246100,c1
421,0.5789404103494910,1.641151691930060,c1
422,1.5327809875935200,2.022020537995290,c1
423,1.357994148292240,2.710204781745690,c1
424,1.3008324875943500,1.4962328297961300,c1
425,0.8664091959106540,2.006460814980540,c1
426,0.9634068835513260,2.013769340927090,c1
427,0.7354704150521000,2.040250916567130,c1
428,0.9605377236415080,1.6508633504122600,c1
429,0.061105485810281500,0.8785095456762120,c1
430,1.3943667173801500,2.0570086853308500,c1
431,1.2365507957969400,2.61687223623698,c1
432,0.1256103222888900,1.1975993885192800,c1
433,1.44140118159144,2.40009989993052,c1
434,1.9327494173105400,2.603360841569820,c1
435,1.2902145893540600,2.2478728565555500,c1
436,1.4041766896751900,2.8565007390497600,c1
437,1.9226662081764800,2.9790565363242500,c1
438,1.0802261185660900,2.3205934662684600,c1
439,2.277022892376220,2.837262052374210,c1
440,1.7546954715675200,2.4162709743903900,c1
441,0.3703867344119630,1.676777380527420,c1
442,0.864181908167396,2.0200146378748000,c1
443,0.3811917057494600,1.9824130293986400,c1
444,0.344407572068103,1.7634339247462700,c1
445,1.2785405488357,2.52147835494509,c1
446,0.8668821747806050,2.619172368203020,c1
447,0.9553046875911870,1.7441397605690000,c1
448,1.3605657854684000,2.0335750703801800,c1
449,0.5525560993007280,1.1266512729591400,c1
450,-0.22005663967033400,0.9813375765309690,c1
451,1.2948890975610500,2.6515295671542300,c1
452,0.6118005346103280,1.9785906945496900,c1
453,1.5714677485118900,2.229647327105170,c1
454,1.9494846436085900,2.4423138364386900,c1
455,0.8059102639808310,2.1101047968357500,c1
456,1.2860679644600600,2.7685439947075500,c1
457,1.5799129545065900,2.0510784747272800,c1
458,1.6924486647693800,1.0723491560588000,c1
459,1.3342999231308100,1.818166414452480,c1
460,0.10293110380097400,1.2274321743836300,c1
461,0.6357606276179040,1.8682025609440900,c1
462,1.9402875708768800,2.607066263965940,c1
463,1.2554903319681800,1.7827160628802400,c1
464,1.7407180364102900,2.818885437193770,c1
465,0.7159343491302450,2.0092765237276100,c1
466,1.3400635025516400,2.0729281439513800,c1
467,1.85655931294411,2.448585026374390,c1
468,1.0250486563452800,2.0001355271105400,c1
469,0.9691293258615750,1.509013941213480,c1
470,1.2802339703031300,2.7355802245603900,c1
471,1.5576162378944800,2.495226637490020,c1
472,1.1303753114033100,1.650581925051930,c1
473,0.7771748324861550,1.8197260213674900,c1
474,0.6499024003195370,2.2021288034919700,c1
475,0.9221105335191550,1.7897045001038,c1
476,0.7886733393532490,1.767234944479730,c1
477,1.3783836224947700,1.4253509559509700,c1
478,0.3109637273287280,1.2554107446136200,c1
479,1.7120117040852200,2.258557100559820,c1
480,1.2548948200299500,1.7203434163225500,c1
481,1.5873765571737100,2.719011458388680,c1
482,0.7849788931795670,1.5362132876953300,c1
483,0.5883527736950540,1.2865461438411100,c1
484,1.151753607944140,1.7166175344389800,c1
485,1.2969300634965600,2.0226272550100800,c1
486,0.8666873688829590,1.0846104518171200,c1
487,0.9438082326730550,1.7840008644741300,c1
488,1.1586041200184400,2.0189742166187500,c1
489,2.113659045179470,3.119843145325260,c1
490,-0.02095865146695090,1.1218735463340800,c1
491,1.6633570901022100,3.088915138328220,c1
492,0.6491945990294310,1.3382077017120200,c1
493,1.5283169112560800,2.4191676071606500,c1
494,0.8641519410838760,1.5836265570030800,c1
495,0.9752247481270560,1.9144680981073400,c1
496,0.8616677492913760,1.6548523241958700,c1
497,1.7254853507808300,2.315647406710190,c1
498,1.7848014114642100,2.9500506210588500,c1
499,0.07104481261215760,1.3235010006765100,c1
500,0.37107376354648700,0.6592937314511090,c1
501,1.1466538192269800,1.9216353330736000,c1
502,0.5028031778749810,1.6871959111097400,c1
503,0.7030032466714090,2.2739937763431100,c1
504,1.401765568309620,2.387846725627340,c1
505,0.9278680344359880,1.1866135375791500,c1
506,1.6902584234370300,1.816853338792050,c1
507,1.2337226879587300,1.3825009021266300,c1
508,1.1978092361363000,2.057540374474010,c1
509,1.4840864684620200,2.6130601127561700,c1
510,0.07673837253365110,1.137930046939830,c1
511,0.8848914314811460,1.7841291604079700,c1
512,0.1641587768333910,2.269241209937040,c1
513,0.5481407428395100,1.9358276256090500,c1
514,1.4033182936954000,3.051623403787090,c1
515,1.2843795373458300,1.9893292406202100,c1
516,1.1878333427191300,2.2945392729662100,c1
517,1.7784016649148700,2.433038273694200,c1
518,0.778574004750098,1.2346220292204900,c1
519,0.790079458818638,2.2455349010995600,c1
520,1.4900479052984300,1.9104062505262100,c1
521,1.604134519990140,2.28396183207332,c1
522,1.2929008006992300,1.825275510059470,c1
523,1.2908643153516800,2.240809220358300,c1
524,0.6521019289929750,1.3789768336145200,c1
525,0.37756986718310900,1.1848091011476100,c1
526,1.7481511129701500,1.7448322635511800,c1
527,1.1677432905228700,1.9254298530993300,c1
528,0.5967209483949640,2.3470125421739000,c1
529,1.034902422536240,2.37824726528063,c1
530,2.272311588225250,2.342787664268170,c1
531,1.163709057439880,1.6262199552659800,c1
532,1.1425216289179900,1.6658052969665900,c1
533,1.9408260912462700,2.7965709106759600,c1
534,1.6678112869524400,2.679280677501350,c1
535,0.9610683673952770,2.029897942073230,c1
536,0.9585857841949060,2.2581677450542200,c1
537,0.4949816614791980,2.320131976269120,c1
538,0.8346578299256430,2.017585787136850,c1
539,0.5610825630697940,1.5807403864767600,c1
540,0.688583953782377,2.038131224188470,c1
541,1.120787311677780,2.384877087651340,c1
542,1.451000682517030,1.217875443139230,c1
543,1.7366659505752900,2.5673291403068400,c1
544,1.5022638133073200,2.2779385796730300,c1
545,1.547225240712160,2.3550950787924100,c1
546,0.9595422508826610,0.9389189891938980,c1
547,0.8551053869749590,2.2045427469800600,c1
548,1.6535424061325100,1.7636355936047100,c1
549,1.138307005584710,2.069525681115140,c1
550,1.6644379691319500,2.8598936976426100,c1
551,0.8537216187277230,1.6366476918339500,c1
552,1.2447249019226000,1.8345139170387100,c1
553,0.6799565308921600,2.1275763123238500,c1
554,1.004991635437040,1.9049346029972200,c1
555,1.4023214882692700,1.9410403796880100,c1
556,1.5902408206912300,2.013980136640880,c1
557,1.167826613134200,1.7186644595822800,c1
558,0.16604912576089200,1.242160491143560,c1
559,1.8876980723011,2.4936930573381100,c1
560,0.44586222611030100,1.8392956060964900,c1
561,0.9612290058740680,2.067413597579210,c1
562,0.5811405861242170,1.2730127979790200,c1
563,1.25108280648737,1.7310965553793900,c1
564,1.256958976011570,2.6170924093551,c1
565,0.6047300595944390,1.8604070553585200,c1
566,0.43907937459351200,1.6315449524241100,c1
567,0.48600423381642500,1.3922625013871900,c1
568,0.49903758673624500,1.965947078380010,c1
569,0.79979916557717,1.7571658623949400,c1
570,2.015832664178430,2.1983113715208100,c1
571,0.5108459417026160,1.5749988628969000,c1
572,0.6544509136743250,2.026209167417710,c1
573,1.6008584545690200,2.448226587461760,c1
574,1.0740177236836500,1.9232998121722300,c1
575,0.7633716791574350,1.941599373965490,c1
576,0.04540750284773680,1.4111181173731500,c1
577,1.0373482288687400,2.4832159728570500,c1
578,1.4361063044937900,2.4792127926222700,c1
579,0.7867302900930620,2.5152515423920000,c1
580,0.6744219920797490,1.1485184283526800,c1
581,0.4546618727674470,1.7981064429283500,c1
582,0.1415689637127550,1.129188035380620,c1
583,0.5523102045545780,1.772666198008440,c1
584,-0.0009919506960405220,1.2125255115854100,c1
585,0.9167346422052370,1.6320551617744900,c1
586,1.4286041457765800,1.9502041587894000,c1
587,0.7637835615210440,2.0440004484572300,c1
588,1.9805585501767300,3.0628639730997300,c1
589,0.9366031332384370,1.6476027253766900,c1
590,0.5819036311628790,2.350947174161530,c1
591,0.9333798203045480,1.9771981630909000,c1
592,0.3573488853625450,2.0297912429697600,c1
593,1.357112982579500,1.918858398992060,c1
594,0.8000001402297810,1.511500444292230,c1
595,1.2528708633049500,2.0403101540998100,c1
596,1.7008839216224700,2.1837143887230700,c1
597,-0.20582965602161000,1.6568762849838600,c1
598,1.7484197338603000,2.9538697755847100,c1
599,1.1520094526384700,2.293041121984940,c1
600,1.0628731009082400,1.878605645333270,c1
601,1.010264751399740,1.9882909688137100,c1
602,1.0707715487647900,1.9111172079044300,c1
603,0.9972829776717820,1.9610163738312800,c1
604,2.1472442301428700,2.35729682162237,c1
605,1.128836481534760,1.1950535658078300,c1
606,0.6591798720398970,2.208351140042720,c1
607,0.45625555861149900,0.6340458956597970,c1
608,0.6564913897852750,1.908162222469060,c1
609,1.8216413296886200,2.2071566461394600,c1
610,-0.06862468014287250,2.075286229771250,c1
611,0.624342486262953,1.705781270118250,c1
612,0.7721220423548080,1.2491626837206800,c1
613,1.3041836697985000,2.34921945807037,c1
614,1.4137873544546000,2.2595007921008500,c1
615,0.5393626038266100,1.483986099285800,c1
616,0.34398898909911400,1.9949013391341600,c1
617,1.7176784300038300,2.8868396940392100,c1
618,0.8714486050074720,1.1349494173146300,c1
619,1.023544135037770,2.1914392008804300,c1
620,1.8207102726837900,2.3802445543531900,c1
621,1.3521373275708600,2.249266664428700,c1
622,2.4786545294817300,2.239920059843150,c1
623,0.9230242303823800,2.096327862170410,c1
624,0.39096225190498700,1.2034060201189900,c1
625,1.399482178716600,1.6649367969830900,c1
626,0.8471356635631060,2.071256592789510,c1
627,0.24879934090936500,1.1166806530915400,c1
628,0.5888215047305210,1.9212064258052600,c1
629,1.8184181903785500,2.4272825509441700,c1
630,1.3532647489312500,1.8356943411639300,c1
631,0.521132904067712,1.905064250563180,c1
632,1.057870329547210,2.111714481170140,c1
633,1.0143781415523600,1.5148520329966100,c1
634,1.110566025122060,2.406376469961640,c1
635,1.3117954423005200,2.8036857885310100,c1
636,0.690749747485722,1.5342513225943000,c1
637,0.9839508864924810,1.7867914536279500,c1
638,1.0982770669069600,1.5664004801040500,c1
639,1.2816201388533000,1.6540896033230400,c1
640,1.0567802133909000,2.0130242067580200,c1
641,0.675111777042909,1.6056975652969000,c1
642,1.4647643902868700,1.953301515590010,c1
643,0.9909238111626380,2.297632179761500,c1
644,0.7131112599155350,1.4943074566595500,c1
645,1.158833815163390,2.1875361454914500,c1
646,0.7277354190264710,2.0519581459200500,c1
647,1.153930743177610,2.1552379127964800,c1
648,1.1669024237994900,1.8009730112180400,c1
649,1.5346382242669600,3.0328385928398400,c1
650,0.3126873490174980,1.563460402008570,c1
651,1.0046079660163100,1.9297563971534600,c1
652,0.9494813686725000,1.896516976372800,c1
653,1.2077597422764600,1.9578597259931500,c1
654,1.800501206679680,1.962267061000660,c1
655,1.562404954009170,2.501793197583790,c1
656,0.8904313745122020,2.167585311656260,c1
657,0.8360327441908040,1.6949590663844100,c1
658,1.0152741955533500,2.2305309890205,c1
659,0.6530143698345780,1.1324099497146600,c1
660,0.6519848419908820,2.0177916233945200,c1
661,1.4739691083670200,2.4943681111822300,c1
662,1.858879165082240,2.7219555611132900,c1
663,1.6814566562556700,2.585976151675250,c1
664,0.5512244897191180,2.2147434311876000,c1
665,1.7656227026418900,2.1420312398741600,c1
666,0.654819011848472,2.0898270573525200,c1
667,1.6629463913450400,2.723890585991090,c1
668,0.6033606113206830,1.5676612592271400,c1
669,1.5591633521285200,2.606389115190200,c1
670,0.7281643766404500,1.4604629533454600,c1
671,1.4324614096182400,2.1363626055710300,c1
672,1.3631644764353500,2.038826699538540,c1
673,0.6789480992071700,0.8075604163574720,c1
674,1.5533640869114500,2.297297241700650,c1
675,1.2190390477065700,2.5748281931409600,c1
676,2.031319363510240,2.7379900049289800,c1
677,1.875475285678310,2.8444346493533500,c1
678,1.3335990623158900,1.9882072645378600,c1
679,1.1804429389334300,1.4101651100563100,c1
680,0.9701634443724820,1.3629513541276800,c1
681,1.4675297772722500,1.3926270224651100,c1
682,1.831063648095120,2.4899266792393700,c1
683,1.9078036003054700,2.5126215638752800,c1
684,1.2670502319151400,2.2126480897844600,c1
685,0.20232889839503000,2.0106250780728900,c1
686,1.374096389887660,1.9290833733716700,c1
687,0.8490096298450060,1.8899208231097400,c1
688,1.0046436985347200,2.4852237905457500,c1
689,0.7835073935028610,1.5192740484910400,c1
690,0.2057285685525160,0.768852509661476,c1
691,0.36110723353114000,1.4103522328501000,c1
692,1.2493664653351300,2.5520436820105800,c1
693,0.4975220108866950,2.273734755606070,c1
694,1.0477466664369800,2.3734937784548000,c1
695,1.3190803700695600,2.0883317971007200,c1
696,0.9488715501187680,1.4182765145109100,c1
697,0.7892803128777290,2.68304775782749,c1
698,0.7478920321834550,1.705049713546350,c1
699,1.3130438623432900,1.9126977900346000,c1
700,1.8424443403391200,2.338586085480760,c1
701,0.5807849391947330,1.5100629139333100,c1
702,1.3251044383585900,2.617529517163830,c1
703,0.9626669769663640,2.1710749104322600,c1
704,0.6695250717904860,1.969422850116000,c1
705,0.7466276563530660,2.437637179040140,c1
706,1.8591020040152500,2.2267564038705600,c1
707,0.8273959508741900,1.6393512454717400,c1
708,1.196795573587200,2.6160376661349100,c1
709,1.0616582819393100,2.162066215059930,c1
710,0.6946756119755920,2.311992383958350,c1
711,1.5371193124326900,2.733810344384050,c1
712,1.2490730182513200,2.882198004976790,c1
713,1.679075190180190,2.6031535848837100,c1
714,1.740131350985740,2.0839604387748000,c1
715,1.178191508666810,2.634101455974710,c1
716,1.1991046849982200,2.595751234752620,c1
717,1.2785105113082200,2.3807173032275200,c1
718,1.0267623271625400,1.5052868616152900,c1
719,1.704761999550750,2.5917925218417100,c1
720,1.2088585563255400,2.139703765838120,c1
721,1.0958951722957200,2.254166445859050,c1
722,2.150011715486810,3.054206976173980,c1
723,0.49503206792740000,0.6174063926909390,c1
724,1.3398685909776800,2.920664587121990,c1
725,0.0226946181759623,0.8300599868738630,c1
726,1.3594414441966600,2.2329101446126500,c1
727,0.47612767152064800,2.2812055724727200,c1
728,0.7845204343131810,2.0894805769678000,c1
729,0.33914748169867000,1.6849527326039800,c1
730,0.26398589703855700,1.5649290800882800,c1
731,1.962708939326430,1.9758441045816300,c1
732,1.2148618165261800,2.0665510951482000,c1
733,1.0062619841561100,2.3361388953326700,c1
734,1.726092252063930,1.8791643158491600,c1
735,0.5270617779025560,1.318923309697800,c1
736,0.7271816545519010,2.60997872313219,c1
737,1.2794856435334000,2.3758183779762800,c1
738,1.3501097648825700,1.813787951726040,c1
739,0.6399834493875180,1.4589028319620300,c1
740,1.0261212234002500,1.3020681733670800,c1
741,1.1218904658687200,2.871554069181360,c1
742,1.1482106413433700,1.4609936428118700,c1
743,0.6038197381166010,1.533289563147270,c1
744,1.2175779132128800,2.202588800908920,c1
745,0.9388112690126420,2.418896148062600,c1
746,1.3433311481850000,2.4314173147733700,c1
747,1.4330988445287800,2.349731793933350,c1
748,1.0524232879034400,1.3131239362540800,c1
749,1.5831480114581900,1.8534872638160100,c1
750,0.6623102912975050,1.4504760006903000,c1
751,0.976523688156578,1.5941198753145800,c1
752,0.6866882359411770,2.258803104277870,c1
753,0.8767021914247860,1.3386063497413600,c1
754,1.2587990198345900,2.0382085445193100,c1
755,0.44969398826881400,1.532409512096210,c1
756,1.430932667643190,3.0995593484463700,c1
757,0.2478317183542780,1.5686299458876500,c1
758,1.048425884874360,2.3622579061361800,c1
759,0.812692594055224,1.5602583661247300,c1
760,1.1570393361489700,1.4605543752906000,c1
761,1.7730875994380300,3.264588196436160,c1
762,0.6867101082868400,1.7009122814347600,c1
763,1.2370053679790600,2.272030229318070,c1
764,0.4252743762666330,1.59839919891281,c1
765,0.6354020975229400,2.0228282335077500,c1
766,1.5790219215018600,2.6503032421836600,c1
767,1.0317122714936600,2.332680634318210,c1
768,0.8452576259728530,2.0336983853820700,c1
769,1.1834615838672300,2.3512490806389100,c1
770,0.7278370766366640,1.5975953706259900,c1
771,0.5026269053336900,1.4847661116061800,c1
772,0.52643533234458,1.6844150210538600,c1
773,0.705699338166486,1.2827730443553800,c1
774,1.7032964345524500,2.6097458693517800,c1
775,1.435958041283300,2.1719405462659800,c1
776,0.48524722100141200,1.2558242859812600,c1
777,0.0856215441525876,1.1774753123917000,c1
778,1.1441152281838100,2.013493348965390,c1
779,0.964012608585346,1.8641324856479600,c1
780,0.2846412009250670,1.2807175558388700,c1
781,0.9627338028703930,1.6554230221270900,c1
782,0.47929863989019800,1.260873726285650,c1
783,1.9946384231855400,2.631605333138580,c1
784,0.680672938277483,1.5838114513752200,c1
785,0.5207258453670630,1.7251779665377200,c1
786,0.838109857862088,2.221098063310220,c1
787,1.1393365266324000,1.6856550130927500,c1
788,2.325621717330170,3.013283682947230,c1
789,1.2745255504257100,1.9958102510151500,c1
790,0.2541989320590400,1.0898584832531200,c1
791,1.0977890829987000,1.8598879370183700,c1
792,1.0180124800560100,2.2128743851711400,c1
793,1.044996362284930,3.1831713587254900,c1
794,0.5564707152567690,1.6567371640191700,c1
795,1.398917938964480,1.9109991842084200,c1
796,1.1425557992368400,1.760456143832110,c1
797,0.08628120072747210,0.7313015387990800,c1
798,1.1549239182890200,1.952143485610840,c1
799,1.7827404189736000,2.741741408526960,c1
800,1.352460886121100,1.5652522593273300,c1
801,1.4300068902705600,1.6884817438635900,c1
802,0.32392353193513300,1.4691290022691400,c1
803,0.3959439301844520,1.5979915472642100,c1
804,1.2064855247247300,2.2790018400197300,c1
805,0.7728149109734510,1.9260646842246600,c1
806,1.339954458690820,2.8120622102094800,c1
807,0.6830574906225350,1.6208477911861500,c1
808,0.424570775150225,1.3191660500247600,c1
809,1.3043955153911300,1.8769540648553900,c1
810,0.6951620336599010,2.652896503166900,c1
811,0.7229903810021640,2.052068144400670,c1
812,0.9983663374361430,1.6778125029720900,c1
813,0.6625388234067570,1.8138327792646500,c1
814,1.2627718140964000,2.2288415039418200,c1
815,0.6390756655690170,1.4710561621355200,c1
816,-0.2228854705327880,1.1028643044767500,c1
817,0.9067388678726060,1.6575063462023100,c1
818,1.1931721439722500,2.239679821434120,c1
819,1.3997651565976200,2.0059150473518400,c1
820,1.8718997140914600,2.2849829777721200,c1
821,0.7921159100057350,1.928429003843450,c1
822,1.4191314173049600,2.7218420247160300,c1
823,0.30019882748072300,1.4649860170997900,c1
824,1.8141232051824100,2.47310583439595,c1
825,0.8660178928078660,1.137544829435890,c1
826,1.3097538829749300,1.929832547284390,c1
827,-0.16789073074696900,1.3388646039236500,c1
828,1.5186175051709200,1.6828069334750900,c1
829,1.910499409002750,2.5608663333066700,c1
830,0.5305208393604430,1.0796801291626000,c1
831,1.0899315032452700,2.845066740013220,c1
832,0.6528145874586310,1.4771592033369500,c1
833,0.8275183259606450,1.2721928251132200,c1
834,0.2923502181865440,1.7728163091607300,c1
835,0.864001986857535,1.701448481478670,c1
836,1.6657845407095600,1.7719598208553000,c1
837,1.5214451906452500,1.72354554869737,c1
838,1.0224123870235200,1.986325706964200,c1
839,1.132255644097950,2.074298466237870,c1
840,0.8128056426696620,0.8552300970553920,c1
841,0.5933077310615130,1.7769256376553100,c1
842,0.7113194084365990,1.2628660421029400,c1
843,0.5900684364159630,1.912966440453190,c1
844,1.2852643489558100,2.007688582484510,c1
845,0.2887736266627120,1.4934227005006300,c1
846,0.04715159207181490,1.0957173557795900,c1
847,0.6288170212491970,1.5252421116356300,c1
848,1.2696132731330400,2.622415041414090,c1
849,0.5404525253545090,2.12893301907457,c1
850,2.347632416468610,2.999081577590260,c1
851,1.6727202764417100,3.1198025798940600,c1
852,1.7653441621034700,2.8569593934982200,c1
853,0.5893528063940590,1.3141933714581400,c1
854,0.6439986707259270,1.2003125798489400,c1
855,0.920250827842026,2.071832354199770,c1
856,0.5982244521918460,1.7083544110256700,c1
857,1.1782589375777900,2.1675970538215200,c1
858,1.0221702950395600,2.7097389409481700,c1
859,0.8051250439464070,1.2732931693191700,c1
860,1.0405104082703600,2.3160218674161300,c1
861,1.0501653713759600,1.5454911202182400,c1
862,0.8410788271906890,1.9356131975553700,c1
863,1.6702091603029700,2.362773900003240,c1
864,1.385655623390950,2.6593640728032700,c1
865,1.095589385898100,2.413564064229160,c1
866,1.365623776002940,2.1920027518192300,c1
867,1.604328064614400,2.0494696780962500,c1
868,1.1198087695838200,1.8373830838566400,c1
869,0.5712621671587110,1.4432698165502100,c1
870,1.2431711165336200,2.0238623180699100,c1
871,0.7166774326264330,1.559198564550320,c1
872,0.20359032841478800,0.8854657668760140,c1
873,0.8587452416855590,1.9082024506148300,c1
874,1.455313840536610,2.3939424275806700,c1
875,1.0865571829189400,2.3501692769078200,c1
876,0.6071764544898410,1.529388542976040,c1
877,0.546093079771511,1.2863050269488700,c1
878,1.185587244107850,2.035515343244100,c1
879,0.9500630297968580,1.851546241392600,c1
880,-0.07914462407568770,2.0774125914585000,c1
881,0.7672024252120450,2.2611876092603500,c1
882,0.8071433567770490,1.8469338242876000,c1
883,0.7639440640914830,1.9981036533802800,c1
884,1.3599928500679600,1.7739141953930500,c1
885,0.32579932458141000,0.47031646816724300,c1
886,-0.07657120552523170,1.3210232065173400,c1
887,0.8352070801611810,2.2140106716811400,c1
888,1.5895508182325600,2.666057099510510,c1
889,0.2873042741883330,1.214451455414910,c1
890,0.9423412876229840,2.474792769321760,c1
891,0.3324644641250710,1.7595403787298900,c1
892,1.0940088231006300,1.6116563998402800,c1
893,1.3667612798422400,2.298063468968640,c1
894,0.9088522012558460,2.164402219685190,c1
895,0.7346454546073530,1.616543765413390,c1
896,0.08544136545590280,1.4795153214876000,c1
897,1.3228690073765800,2.597466724689880,c1
898,1.3999581371798100,2.1119268759603600,c1
899,0.1457783844272500,1.6089114389940100,c1
900,0.8178559818791060,1.848238191059070,c1
901,1.1450739658203600,1.877638866873430,c1
902,1.0791242908493700,2.240644430423560,c1
903,0.9283246104518220,2.788364529971140,c1
904,0.7751531375286170,1.571039580562330,c1
905,1.2180090570717700,2.382397252647260,c1
906,0.6473850010701990,1.6787855477855800,c1
907,1.39243804011889,2.191035346600180,c1
908,1.4484588315343700,2.294783882824340,c1
909,1.502376200731990,2.3641681673704200,c1
910,0.6081673267166800,1.9595292661215900,c1
911,1.2903994383187300,1.6679945526696500,c1
912,0.3480050303318270,0.9564827798698360,c1
913,0.5312085827613180,2.3109542751612500,c1
914,0.9285254054209810,2.159847548670460,c1
915,1.0650205420775100,2.009006597420590,c1
916,1.5953056528078300,2.658568139274050,c1
917,1.1007170486094300,1.9208173718018700,c1
918,0.3190881537136550,0.994655849413083,c1
919,0.6418191117258900,2.6167112362603800,c1
920,1.2398633179952600,1.9009755376981100,c1
921,1.1172492707459900,2.502127830336760,c1
922,1.4804697835108200,2.6107711309233500,c1
923,1.8398412147756500,2.9074574967114900,c1
924,1.0571612418422000,2.601455186238910,c1
925,1.0959003899155300,1.9336617720911200,c1
926,1.4429798751452300,2.459782130411480,c1
927,0.1976500403570690,1.2055359736245200,c1
928,0.642986403305589,0.9394443731809710,c1
929,1.467011607297310,1.9386419894169100,c1
930,0.5894771458180540,2.019400405188790,c1
931,0.3028485266249830,1.5492398841372800,c1
932,0.06837549497477070,1.5299207121631500,c1
933,2.0410971744237900,3.625184597863170,c1
934,0.5928248536298390,1.3997877153930000,c1
935,1.1107660942690600,1.9295119659502500,c1
936,-0.07319115142658420,1.8328724424615700,c1
937,1.1590044580905700,1.7557394458332300,c1
938,1.8311422463129800,2.9339284777243900,c1
939,2.4659476169869400,3.2396062026155300,c1
940,0.6518661777596460,1.8753628415339400,c1
941,0.5973481057284060,1.610299733853710,c1
942,1.2157997923813600,2.811477965367300,c1
943,1.2869658536686100,2.108497847616510,c1
944,1.4527866541156400,2.118563375065050,c1
945,0.8862121194898110,2.61433515236383,c1
946,-0.31989024140831700,1.5138259732842500,c1
947,0.243150986922958,2.177882370940150,c1
948,0.41992423892005800,1.6650900635897000,c1
949,1.0725050268726400,2.2796002026113700,c1
950,1.6134548589898500,2.6105833577085100,c1
951,0.8494789748557120,2.3077259520960400,c1
952,0.722688747349957,1.8072030898148800,c1
953,0.3293437218476810,1.4288492826126800,c1
954,1.7719823429684700,2.2384112485205100,c1
955,0.6075487862146970,2.391051382004960,c1
956,1.277165468630390,1.808342276374480,c1
957,0.7660667939218550,1.131802647455380,c1
958,0.4429369695122190,1.2385756187576900,c1
959,0.9700442586046740,1.7505421134395000,c1
960,1.9533524686792700,2.807659326182430,c1
961,0.5819762212721130,1.786694645679650,c1
962,1.0665832895623200,2.1999567913487800,c1
963,0.40220057664434900,1.592017938606900,c1
964,1.1445631436220600,1.919137648079140,c1
965,1.2511563681331100,1.9116822042175100,c1
966,0.8985833974285180,1.7259559815443900,c1
967,0.5971427764872160,1.7842840435760100,c1
968,1.9294845210882200,2.2398024046155400,c1
969,1.4528438658063600,1.8892275950993800,c1
970,1.325484809129230,2.381945624749490,c1
971,1.6352558934217700,1.8940919015726700,c1
972,0.5358703213053280,1.3779693696106400,c1
973,1.271418934207990,2.390468590501930,c1
974,0.10499219276233500,1.4487436252108200,c1
975,0.9795163696648240,2.1024575908166900,c1
976,0.7799036694850280,2.0255182230961900,c1
977,0.789880091941179,1.753916044325920,c1
978,0.6381806920069400,2.0564873967648800,c1
979,1.2214711188326600,2.272013845081510,c1
980,1.7220592813191900,3.0568249327274300,c1
981,0.965329889741932,1.7935222142377700,c1
982,1.5695628451752300,2.1119859394326600,c1
983,0.42387468969911500,1.4038380573813600,c1
984,0.988890741562149,1.9926333478594900,c1
985,0.4556967533527620,1.2652261437343500,c1
986,1.473765380249350,1.5755368617701900,c1
987,0.6930683835272030,1.8853455724398600,c1
988,-0.09776094660389530,1.6737054135080400,c1
989,1.6219600676863000,2.3207641646207900,c1
990,1.2104515091085200,1.5752082195855800,c1
991,0.4567032254118660,1.7499071354058300,c1
992,1.0293414514324400,2.2036029416743800,c1
993,0.18379528561057200,0.4423288283973090,c1
994,1.7453247917165600,2.5062564058215700,c1
995,0.4775567078249780,1.1723466416970800,c1
996,0.7974781833245480,2.2479042800822500,c1
997,1.17059970627662,1.3873627259224200,c1
998,1.216185165387640,2.3925473279339000,c1
999,0.9434828313082720,2.1182283017580100,c1
,1.0852507833081100,1.594148489405250,c2
,1.3241868013194600,0.5891827037887270,c2
,1.5179730719061600,0.5328911362220950,c2
,2.0427207739227000,1.8439400453538200,c2
,0.3888082059659660,0.759265789204757,c2
,1.0426564404217000,0.705320680678552,c2
,0.6764720090424330,0.26052272170206100,c2
,1.650514348160730,0.6842406855221890,c2
,1.0868554650525100,1.0182526840055700,c2
,0.733887318660372,0.5250800111206500,c2
,0.3144412376663720,0.5890498701598630,c2
,0.7657225580072870,-0.3713224968280020,c2
,0.15988322208820300,-0.5410052116227290,c2
,-0.10535713279641400,0.5069737920787450,c2
,0.9533879865443520,-0.07128690621837480,c2
,1.800671180802850,1.0748723033130400,c2
,0.8837645929193910,0.4925592645760760,c2
,0.21973746851391000,-0.465486137650703,c2
,1.0733377493140300,0.4958180229891700,c2
,1.3751893012170100,0.4468275046938500,c2
,1.365920793085750,1.1074724821041200,c2
,0.8084908664356090,0.9811307844172600,c2
,0.957526560322906,0.9145700724147020,c2
,0.6256214726116080,-0.19759523439436700,c2
,1.0981734844902800,0.3452809090628480,c2
,0.9253161340992840,0.3446519575071460,c2
,1.3880938086445800,0.732913949720599,c2
,1.2385021349898300,0.6935760143072710,c2
,0.7377361297037630,0.09969057316692190,c2
,0.9659698122310290,0.0273680085227056,c2
,1.1605141924091700,1.110777468502840,c2
,0.9267074432228590,0.9087385387145390,c2
,1.092333389370680,-0.06081843247817230,c2
,1.3630217210138200,0.4706923630290730,c2
,1.2062603414210100,-0.007057313821219440,c2
,0.9425644630232800,0.29457191542904900,c2
,1.1232142515258000,0.37427151574671100,c2
,1.3079840168605900,1.137658711394320,c2
,1.011616435994830,0.09972646176561680,c2
,1.0268135670596000,0.6218132056300600,c2
,1.1140284508806100,0.668806108218134,c2
,0.0643780536156432,-0.09470987300076080,c2
,0.8883798118767110,0.44858537037708600,c2
,1.3906074695540100,0.5152723262048900,c2
,1.074996897870760,0.5814685211084040,c2
,0.4332344076326930,0.06699627883089890,c2
,1.3217082621532000,1.015933178641420,c2
,0.9778656113408200,0.3640623741020320,c2
,2.16720854477255,0.9514562195270930,c2
,0.7140823084595070,0.25178063347107600,c2
,1.5477743258126700,1.1638737386336100,c2
,1.1667113971107900,0.09362848912785150,c2
,1.2560246016024100,0.5093179688946580,c2
,1.098543269350970,-0.20118827492817600,c2
,1.202853798968280,0.738192887980692,c2
,1.5693621063182400,0.6437986319759810,c2
,0.7949253670933570,1.053638156382940,c2
,0.08197112832417950,0.33173168665602200,c2
,1.1776385384008800,0.9048212917368800,c2
,1.0341152861160900,0.8703406641453920,c2
,1.1659832220827100,-0.09440139411934760,c2
,0.5695100373557240,0.4580721112406440,c2
,0.14450205224322800,-0.658806594054101,c2
,-0.9792132864786610,-0.6023509415876130,c2
,-0.16332715152933200,0.3238337622541730,c2
,1.1185442166972900,0.3399790952266400,c2
,1.1644075719116200,0.4664457307096400,c2
,1.014596387311730,0.7498595433577810,c2
,1.04305055884574,0.6680489098644750,c2
,0.8043989508282350,-0.40799198515495300,c2
,1.5836182020282500,0.8238186659580150,c2
,1.4205254624255000,1.058677691351840,c2
,1.6492045899615700,0.907724111246814,c2
,0.01760624332432050,0.11308503749160100,c2
,1.2083442763365600,1.6028138398999400,c2
,0.8704088963365170,0.8463251497774050,c2
,1.293253285694190,0.29404420396706200,c2
,1.8855766216409100,0.8993604857536170,c2
,0.770941221424741,-0.009519107258368130,c2
,0.4532573128203230,-0.12528179192218100,c2
,0.8795344882741520,0.6334231524557510,c2
,1.2958854286192800,0.8944108722183500,c2
,0.9523218099705130,0.2401398063866160,c2
,0.9509134652628660,0.4910138041503750,c2
,1.9066007936110600,1.6833019252649300,c2
,0.23984760863539900,-0.4400865290314830,c2
,0.9525271558559510,1.3816812118488500,c2
,1.4020455745645200,0.5931567392162140,c2
,1.0075317483479900,-0.42236890326627400,c2
,1.888125441684370,0.6284758897467870,c2
,1.1121769526849700,0.6437239355210210,c2
,0.6347272019286460,0.7933988821315730,c2
,0.8109056461750490,0.7680670425288800,c2
,0.7915378316002750,0.9019254858309090,c2
,1.2576344631244200,0.5493804665871060,c2
,1.0514028434966900,1.281561751285120,c2
,2.025559997760410,0.8406945320541760,c2
,0.8638339725914140,0.3354708798074770,c2
,1.2674781109629200,0.8536997019088030,c2
,1.1244746293627200,1.2498892465662900,c2
,0.452281090269667,0.169074937584817,c2
,1.6854244619057800,0.5608618591769790,c2
,1.0177499374127900,0.5379755677941610,c2
,0.3212525792651800,-0.3535344941676400,c2
,2.1123121983679100,1.0781130713502800,c2
,0.31244465708970700,-0.08926466422940180,c2
,1.91899794121777,0.9879899137710330,c2
,1.2907845084526500,0.8549809314297780,c2
,1.3656566466320400,0.04068432520833960,c2
,1.8701696119334200,1.8842444753511800,c2
,0.8324671807365970,0.4973447025347370,c2
,1.5174718828916800,1.2631458122750500,c2
,0.8399523638173300,0.25535313120754600,c2
,1.0262080461155400,-0.2535110079149000,c2
,1.399880910032090,0.6421721438479280,c2
,1.539285734580430,1.0491748671344700,c2
,0.1938062429592670,-0.024088112059746900,c2
,0.5568300032512680,-0.6539470149865830,c2
,1.4146614364034900,0.8998756104483620,c2
,1.0484313348373500,0.2103444550835540,c2
,-0.26173855027468800,-0.0270285433741122,c2
,1.5663793556496400,1.3131584041893200,c2
,0.8220779919669420,0.3272917866082520,c2
,1.2713537345202200,1.193458863340940,c2
,1.6591722254209000,1.0583004419032400,c2
,0.7180303802587540,0.7936272493088370,c2
,0.48177298718614700,0.056429281537721900,c2
,0.6888153777185790,0.5751494194676950,c2
,0.6482112223842650,1.381565920368710,c2
,0.9311720599100620,-0.04017873657297820,c2
,0.5406101937303850,0.28254507459103700,c2
,0.46276969998713700,0.12766371316742600,c2
,1.2749580686041100,0.35152108779442800,c2
,1.3665401103938800,1.0004599660837100,c2
,1.695664236708250,0.8636139027391140,c2
,1.478367993690790,0.6222670644794280,c2
,-0.3961538218618760,-0.4811233603433700,c2
,0.24702186009894000,0.049367282397559200,c2
,1.5867985787402200,0.2701634772949200,c2
,1.7314216092379100,1.0593994648923900,c2
,0.5251151283387350,0.21502529861884800,c2
,1.9022062250739,0.9512822032663740,c2
,0.899086088755221,0.4765490607069600,c2
,1.3310396471878000,1.3211120468166700,c2
,0.5228746507519560,0.34070953050030000,c2
,-0.09312086610384160,-0.6286298410188140,c2
,1.5386706493872200,1.6995056982172300,c2
,0.24510755323376600,-0.06705385877521210,c2
,1.2089303402471200,1.4744736599545100,c2
,1.9567304270825000,0.5459928251464440,c2
,1.6769777185179800,1.1555367159680600,c2
,0.17524542782961500,-0.5783622630339770,c2
,0.6330665988697860,0.6578318862796620,c2
,0.8200352442954850,0.6817190769513870,c2
,1.391295893500690,0.07229288061153740,c2
,0.38730841285171300,0.21898361800151000,c2
,1.6686848489419600,0.974518494556923,c2
,1.6936203753673700,1.9240708507396700,c2
,0.66233969617821,0.3590410759009820,c2
,0.9647130780328470,0.744901445893785,c2
,1.2864481702178200,0.15862076784544300,c2
,1.1513397952012500,0.3786920895671570,c2
,2.305175344023680,2.05313272718466,c2
,0.6916588546169410,0.17077823926316300,c2
,1.226429998115990,0.6257138494552060,c2
,1.447087171010600,0.5826521730540050,c2
,0.3545262267099080,0.6054657991628010,c2
,1.2823273713894800,0.5616141159537190,c2
,0.5205345198596270,0.4411123901300510,c2
,0.847941891639741,0.10180069636942100,c2
,0.14793986046578900,-0.0117716825973182,c2
,0.7542803148209690,0.5233781729761090,c2
,0.6716821491671660,0.33114831612343000,c2
,1.0026007855159400,0.9431902105705710,c2
,1.1033204138251900,0.7970304252382060,c2
,0.3308958157570740,-0.18897882753946600,c2
,1.0544043604456900,-0.04459826094950750,c2
,0.7882073252039100,1.0083037436734600,c2
,0.9337928437828230,0.1864496484894900,c2
,-0.95495122286768,-0.4718952859501770,c2
,1.1438380934747700,0.375845514668687,c2
,0.1360666014328020,-0.6383470970278500,c2
,1.0752031552732900,0.9004637555079170,c2
,0.3203857980941340,0.44467121029542500,c2
,1.7424917913934900,1.0275937925047700,c2
,0.8955028931936850,0.6078111673907310,c2
,1.4159684952407600,0.6043082751829630,c2
,1.1619884424325400,0.2027288040666530,c2
,1.410901957503710,0.9302413746304950,c2
,1.8205868195929500,0.7249646722346100,c2
,0.4416640710160730,0.1898843442538870,c2
,1.3023785054779900,0.9062060633052980,c2
,0.8910363642289520,0.6310849885026470,c2
,0.20014807516704400,-0.1337142366864300,c2
,0.3461124403912500,0.01873020329928950,c2
,1.2860362524987200,0.8380686907042410,c2
,0.9630660226871830,0.536742904854258,c2
,0.48945897442080500,-0.3488856370024150,c2
,0.288434084675099,0.3102262157987620,c2
,0.592616817965631,-0.07029509502060650,c2
,0.47283189642278700,0.535628472323333,c2
,1.4054632112978900,0.7196294052543000,c2
,1.5089814001876800,0.992164649974263,c2
,1.0627287696830900,0.17996705869488400,c2
,1.277167198327240,0.7280400741643600,c2
,0.47755223923735700,0.07283114986318160,c2
,1.6501608571029100,0.650266428418367,c2
,1.1972017048955400,0.42649723818274100,c2
,1.5844431737812700,0.4150832057780430,c2
,1.0640686084165300,0.6434905160561450,c2
,0.8767842459884070,0.47989880194516700,c2
,0.4067424470558000,0.24449947330750400,c2
,0.8822180909437060,0.09050923728831380,c2
,1.375433405492330,0.3014599706563750,c2
,1.0892814007682000,0.403418293094044,c2
,0.7240094914942840,0.6973744643261920,c2
,0.05719621797479360,-0.5818333676721160,c2
,0.7234729370333920,0.42290059160950400,c2
,1.16800205587884,0.7665484671242820,c2
,0.184131253687561,-0.43615977612047800,c2
,0.3404071656991380,-0.1961052455519430,c2
,0.26795267289207200,0.056612718953594900,c2
,1.1092935500825600,1.2164995852017900,c2
,1.2294895598565000,0.036133044823861100,c2
,-0.18843529862108800,-0.20828735653552900,c2
,1.1044222860050500,0.6170339174615050,c2
,0.9316648797956430,0.9997012115880350,c2
,1.4983479240803600,1.1371065927522500,c2
,1.8418688212681300,1.216066222260560,c2
,1.0512041784994300,0.7593865911440340,c2
,0.9558158273751460,0.36956162078564500,c2
,1.4879941340545200,0.9778094740594910,c2
,1.0337969859429700,0.3710956142742130,c2
,0.9022154772226,0.4429192676013510,c2
,1.6134525318453500,0.6765173335102310,c2
,0.6107200315726100,0.6653013020965130,c2
,1.3303824734643800,0.8976325919046870,c2
,1.0194762668744300,0.5365286633992870,c2
,0.49405559387257500,-0.37886118255635700,c2
,1.5718384290414500,0.8668829123414760,c2
,1.0122189871100600,0.6854620978246630,c2
,1.2183818206267300,0.4886371914801030,c2
,0.7087462644595160,-0.458530398543021,c2
,1.261990421210320,0.5192570201112570,c2
,1.6585608016030000,0.8392309535402040,c2
,0.8343741941920520,0.4807756926537140,c2
,1.1215337228194600,0.6640379822164270,c2
,1.3323706539626500,0.7432882613015620,c2
,0.6786697159791810,0.336108735966933,c2
,1.151821355790080,0.46254517159129500,c2
,0.7200630952329720,-0.09866595921904610,c2
,1.2458982840866300,0.5252016831456880,c2
,1.6207692799763700,1.049904638108400,c2
,1.1182523898540600,0.5841551863201040,c2
,0.9640683654073200,0.20700834310673300,c2
,0.948090190545326,1.159633961332630,c2
,0.3635772277436940,0.0065891607216777,c2
,1.5074430098588100,0.6325764244799800,c2
,1.1281419777107800,0.4395954690303620,c2
,1.0364528276118700,0.4355415526298010,c2
,1.3141195335567000,0.9914279927783670,c2
,1.2158624475549600,0.6606950696739180,c2
,1.856716104738240,0.6982294508844970,c2
,0.4455176149777480,0.02812181540158750,c2
,1.0960686388009900,0.0894210518629423,c2
,0.26992535592186900,-0.055458227745300600,c2
,1.5304898522384500,0.8182988479212710,c2
,0.18417130500204400,-0.39759449865632900,c2
,1.481185853607550,0.7654655946858150,c2
,1.6806187396473100,0.7703361718721120,c2
,0.9068798108292810,0.41843872383872600,c2
,0.6341348565691310,0.007515063104471980,c2
,1.8418265279038200,1.1970110334410800,c2
,1.4550856794671500,1.108836470691180,c2
,0.3743372051034080,0.3765635950563890,c2
,0.41876592090091700,0.5186765497477750,c2
,1.8650991343330500,0.9746258892616070,c2
,1.6765456772512500,0.7510889936906360,c2
,0.9557246906003710,0.5785638649507980,c2
,0.5588660777087290,0.259695067053192,c2
,0.23253467026332600,0.1424521726467710,c2
,1.300066581838320,0.38954992931691900,c2
,0.6363073103986390,0.6693331031935780,c2
,0.9946349955501880,-0.15260507564010100,c2
,1.1171463579133100,0.320519878628712,c2
,2.2493595600608400,1.0221781333458900,c2
,0.6018483845909460,-0.29399788101566400,c2
,1.6312003212128100,1.398883067129680,c2
,1.1655174910091700,0.87963056071582,c2
,1.124565633458860,0.1991160959874840,c2
,1.455237583737620,1.6333961187318500,c2
,1.684144711823730,0.982966152832143,c2
,2.3203724118812700,1.1012906123211300,c2
,0.5822102836906040,0.7297650370884140,c2
,1.86218375830886,1.189607103712390,c2
,1.2242135807119500,0.0335676740673535,c2
,1.5214689067330700,1.188301204826230,c2
,0.2502269750203100,-0.4028252019659140,c2
,2.5099814744695000,1.8309193450156600,c2
,1.3498703207273900,0.4683749915251680,c2
,1.026114178459610,0.23529904609599900,c2
,0.6805240864232070,0.4985760420272170,c2
,1.1408435537185700,0.2679422923346070,c2
,1.6865409221580100,1.9127231165991100,c2
,1.799540147400490,1.3718449266571400,c2
,0.9845503286522590,-0.13375999333584900,c2
,1.705781548548070,0.3425003127711900,c2
,0.9067532925619170,0.4556713906420390,c2
,1.3570797196486900,0.4369759888814030,c2
,0.10813423680945900,0.43763313348627000,c2
,0.4522883425296300,-0.12493187620391600,c2
,1.2965854791564200,-0.15059435472434300,c2
,1.621521538105930,0.8316643593183060,c2
,1.2568262908747000,0.7540872150901280,c2
,1.4661297532987400,0.9812028177955930,c2
,0.8872652415955930,0.8496940768951680,c2
,0.6661029367878970,0.03160539661845620,c2
,1.9726916401930200,0.5044302861450050,c2
,1.2110832538307800,0.2762987534636120,c2
,0.913017803380255,0.5572118873935080,c2
,1.1034020440731000,0.8010426396582860,c2
,1.0421636005487200,0.691282043973405,c2
,0.49676572603004600,0.5376825227769160,c2
,0.7828410075368340,0.9554106712890850,c2
,1.2455200731488400,1.021000463992500,c2
,1.024532027792830,0.7733959834983520,c2
,1.0256630160968800,0.9378478195069310,c2
,0.5338695739952810,0.3610846295930700,c2
,0.31696235604143800,-0.28899907829223900,c2
,1.698752105196540,0.8926530376223130,c2
,1.3793650145667300,0.5093717442904440,c2
,1.2145513056012900,0.7195723446230490,c2
,0.9194922646003860,0.31909800169482600,c2
,2.0769250213112500,1.4963718549540200,c2
,1.11216693030608,0.6791822092433040,c2
,1.0878187911874600,0.12507969592647700,c2
,0.4939157048535750,0.03273928423697890,c2
,0.22089631838242300,-0.2918896991814890,c2
,1.0813277299002600,0.013338833902882500,c2
,0.8160399238118270,0.35585346325858500,c2
,1.4847924931531500,0.5695537500573700,c2
,0.46605133116053800,0.13756266211992900,c2
,0.8717446383365430,0.7219178811615050,c2
,1.6911840098362400,0.45301714222568800,c2
,0.09437307445504470,-0.5091890174061960,c2
,0.6016537657555970,0.6142497959847320,c2
,0.6332026412075750,0.8890203152951240,c2
,1.2949194607445700,0.27556484947701500,c2
,1.6220480713706300,0.7825043353942740,c2
,0.5362806288292960,0.007985195272937010,c2
,0.644579181367152,0.2345544913780030,c2
,2.062969729745050,1.5101635366407000,c2
,1.0582801107853500,0.7263239783440030,c2
,0.6108428906744750,-0.22668024384513400,c2
,0.9693257907665880,0.4120341807187480,c2
,1.31447194320178,0.8568969564446600,c2
,1.9084774219693600,1.2412234581926500,c2
,0.31807743264856500,-0.3579502741557850,c2
,1.1873303453819500,0.9369508160165200,c2
,0.7371281066837910,-0.078937838105263,c2
,1.5851585446166900,0.6946586376576750,c2
,1.2247404725266900,1.3595368863494900,c2
,1.839344114736680,0.9815272651369700,c2
,0.3214045163601000,0.10943000436064400,c2
,0.4732035171272840,0.2613532057435890,c2
,1.8589711603167800,0.8781673575769250,c2
,0.8108368262831530,0.6535714893442360,c2
,0.4275292625074380,0.7709968883345310,c2
,0.9222314534033510,0.7690411613690010,c2
,1.0069740910905300,0.050152661031443300,c2
,1.542788758268890,1.2166320401332100,c2
,0.38876051389398800,-0.5040837016186490,c2
,0.7665065932894070,0.2660560320623970,c2
,0.7558140513111780,0.14069590348887700,c2
,2.092502758730770,1.0659588931765800,c2
,1.504653792312850,1.1647066818939400,c2
,1.8561952164944400,1.209694876866570,c2
,0.7903309421599180,0.8599048198488610,c2
,0.409867285047566,-0.09844814096026900,c2
,1.7631258337257200,0.5194128086211270,c2
,1.1172956489512500,0.661446097938857,c2
,0.8051993710255170,-0.2062664884277460,c2
,1.9303407080819500,0.628900451339539,c2
,2.233142658543620,1.9580052002623500,c2
,1.2770148826253500,0.44647498161081400,c2
,1.6723951982866200,0.9204031316072010,c2
,1.2150250511529500,0.594037909031469,c2
,1.112174282331950,0.389493461851637,c2
,1.4612642573340200,0.9618697531015810,c2
,1.0153088732124600,0.20472541637705800,c2
,1.0717731895403400,0.28711313189203600,c2
,0.6472842048996270,0.34403485496773000,c2
,1.6271350250821700,0.8166663134625420,c2
,0.7922279321886160,0.7050964605138710,c2
,1.192171027851750,1.5558607229662500,c2
,0.7928875084194980,0.336990354791153,c2
,1.2468373668810600,1.2239929793740700,c2
,1.3432352631601000,1.021774783558600,c2
,1.598232536018950,1.4202488820289600,c2
,1.2723483730513600,0.8601575154448280,c2
,1.1899771320779900,0.7327965949821510,c2
,1.4980565362902100,0.9740009309611270,c2
,1.3442475651252200,0.2931532254634040,c2
,0.48155940144924500,0.31739443739244500,c2
,1.0573610737759300,0.8678464510826440,c2
,1.206173897184570,0.6045943097789120,c2
,1.3338996566922000,1.2331721322649700,c2
,1.4358684687348600,1.5483048899669900,c2
,0.5293748142509990,-0.06592063104262250,c2
,0.4357726135762130,0.6368291262077280,c2
,1.728739075683500,0.7865958901994670,c2
,1.73503524579868,0.44622393105489400,c2
,0.9535621196566400,0.5699396842139570,c2
,0.0895544283739601,0.07226750860090540,c2
,2.1330515340569900,1.171294196685310,c2
,1.1354166436380200,0.6506609649769550,c2
,1.7913441550813300,0.736248713696615,c2
,0.8051325067439080,0.612784038070471,c2
,1.5783644447355600,0.9280912908950350,c2
,2.2738881568524600,1.9173112269915100,c2
,0.9134074322103060,-0.10589590552837300,c2
,0.8812603456252930,0.07245540801489480,c2
,1.5519294397886700,1.3186478862440200,c2
,0.7116922994427980,0.14415697513668000,c2
,0.7608623809036360,0.3307816528838450,c2
,0.1369646689796940,0.014126236878352600,c2
,1.6670271382045500,1.6176064553109400,c2
,1.1852626069887200,1.1445389318133100,c2
,0.9270726580233500,0.48728055990430000,c2
,1.0493074011985400,0.8627180006613980,c2
,1.2137174081791300,0.4940785093221170,c2
,0.8141093040775800,0.365929709476674,c2
,0.7115132934463470,1.204108308124250,c2
,1.0526078592182000,0.6571429813660040,c2
,1.4614320856548000,0.9652260654400670,c2
,0.7922653115483350,0.4521746789883750,c2
,1.325093210686890,1.0032482226402000,c2
,2.8681307975315400,1.5855542132326400,c2
,0.7876912017210810,0.484246498526245,c2
,0.2326385461676820,0.412499970889766,c2
,0.848989862664962,0.6497288203899350,c2
,1.351375802459300,0.41506818793450300,c2
,0.6117605878555200,0.6753266015274710,c2
,1.5590652870308800,1.1587751750312900,c2
,0.5137988272275840,0.4275173692187440,c2
,1.727518030588690,0.45487510464198000,c2
,1.1879918345271400,0.5566660896839220,c2
,0.48167614539553400,0.2965433536981800,c2
,1.4773863603043700,0.9539394211706590,c2
,1.611873551180240,0.3581525274340460,c2
,1.2662693673072600,1.121573547186500,c2
,1.8197092198543500,0.8519518186244450,c2
,0.7559621464476410,0.11313385829004600,c2
,1.7233638551708400,1.2874115183777700,c2
,1.5074320708091600,1.1761616928406200,c2
,-0.22765363773595500,0.6550390444564950,c2
,2.035382542174890,1.1550296454499900,c2
,1.8281978724141600,1.7832968881675600,c2
,-0.006613842729134230,0.20158960435465300,c2
,1.1058427344793800,0.5581525226353180,c2
,1.67338767158044,1.0509061759378000,c2
,2.0134534032206300,1.022757249245790,c2
,1.3217745208798000,1.018326468745210,c2
,1.173055785182500,1.091144234939770,c2
,1.5285345934546500,1.1467858481570400,c2
,0.5914610029917790,-0.057559436623650600,c2
,0.06766719846545040,0.6492584643675220,c2
,0.7376133677154350,1.2041450169872900,c2
,1.9473116533855800,1.601134309926250,c2
,1.1233244145981100,0.9834382857151170,c2
,0.6690394901458550,0.21454995159663300,c2
,0.3186173878593300,-0.6846310461413600,c2
,0.9315175657735200,0.07006999913309090,c2
,0.9624537522830450,0.839770227149009,c2
,1.2583105485964600,0.9892220441225370,c2
,0.6934485439503260,0.8655571018415050,c2
,1.739116970638870,0.7538349421712680,c2
,1.0585322615178500,0.08439315680822450,c2
,0.8825177621933660,0.7756259304733810,c2
,0.8029052553257600,1.3876965034815400,c2
,1.2440436856056900,0.7820414482935660,c2
,0.2604319164308170,0.09517055808200400,c2
,1.0926265498726000,0.1326595769155970,c2
,0.9546813424385960,0.07196481786144690,c2
,1.1404938888070100,1.279962951401620,c2
,1.6315070002548900,1.5365067817060200,c2
,0.7747384062986790,1.2317137409151100,c2
,1.0488317771235900,0.8683786283949720,c2
,0.9839395920848950,0.845314873182256,c2
,1.278960577858820,0.7138573994951550,c2
,0.9981043587474860,0.8593867120496260,c2
,0.6091542599179940,0.03793695267619330,c2
,0.14828004910958200,-0.18404649400178200,c2
,1.094755555717370,0.6243372845965570,c2
,0.8584892853027120,0.3053845740804500,c2
,2.36418586081498,0.7650468455808110,c2
,2.027641170789690,1.309534647125350,c2
,1.8130839306440600,1.0074050970666500,c2
,0.4886202187441980,0.3094335863437680,c2
,1.6505113100208600,0.671209830580452,c2
,1.1831806983264300,0.6839586539528950,c2
,0.7897578440122930,0.7164145232714400,c2
,1.2029306689280900,0.5898122671711230,c2
,0.3832046781908670,0.32063481687393600,c2
,1.6174319646716800,0.7572058864600420,c2
,0.5713562266832080,-0.038010861897920400,c2
,1.6338015490039600,0.9501162681328410,c2
,1.7415883110408200,1.151543146695980,c2
,0.17177372653832700,0.039038829337473900,c2
,1.115288430007020,0.6629542329438810,c2
,1.0346452343259500,1.0056541276478300,c2
,0.8670972745805240,0.4135109430991190,c2
,1.2657226752346800,-0.20044018343499500,c2
,1.1451819750747300,-0.345681531849539,c2
,0.636945100479827,-0.5843149264922040,c2
,0.2332199387711630,-0.5479309903982520,c2
,0.5598534717799470,0.604219070404939,c2
,1.5429323641658900,0.8749400679258730,c2
,0.9671751290649220,0.05420212327043470,c2
,0.4777756512192350,0.2658989131624830,c2
,1.5492794577181700,0.7816021204218420,c2
,1.2717286693340800,1.2521418156666000,c2
,0.4482202380416180,0.3483867952055420,c2
,0.9239487654379390,-0.13325043811030700,c2
,1.0407559650525300,1.3269241261294300,c2
,1.2433236047446700,0.17530047887769200,c2
,1.0605572968334800,0.6671055100746480,c2
,0.8974836636647480,0.2614662460249770,c2
,1.1880862034702100,0.8303278283449190,c2
,1.3265122249156800,0.9090352049632680,c2
,2.0583371548467400,1.5649410602663200,c2
,0.5964059523030550,-0.0783869393517419,c2
,1.1224584888623500,0.2928087743931390,c2
,1.8424796705259700,1.060783563624370,c2
,1.000969434816710,0.699187119260839,c2
,0.36236428301589300,0.02125991020634920,c2
,0.7873064145446270,0.3951988833591940,c2
,1.2424019830904700,0.7683021136624790,c2
,0.6895944285075340,-0.21854131434609800,c2
,-0.07266962300692810,-0.42875464514775400,c2
,0.5745807313054990,0.27893176995769300,c2
,1.3452582474802000,0.8021378668513770,c2
,0.7129899976177660,0.9222367849920010,c2
,1.3090013467095700,0.9991678528823280,c2
,1.0984244665084500,1.2969272095292600,c2
,1.9301247538614600,0.9498245236813900,c2
,0.41751542058648900,-0.6413418807601640,c2
,1.3261923522028600,0.3989537104361270,c2
,1.279813908209120,0.31772581623279400,c2
,1.5024649463858600,0.6503053397481320,c2
,0.15527955151432500,-0.12325458188119400,c2
,0.8617832065831560,0.8211103687267220,c2
,0.7589414219007950,0.6269199410201680,c2
,1.1554333497517600,0.2090487514717880,c2
,1.2231699612979600,0.3968714944176600,c2
,0.671409878840614,-0.13939038056495000,c2
,2.1040703255042900,1.2430205699333400,c2
,1.0887176465529900,0.35774978468866700,c2
,0.5774683066339230,0.19748776864504800,c2
,0.6940819655925400,0.490367501452007,c2
,0.6190298835342600,0.6524323860710640,c2
,0.4924621578649740,0.5910557512944700,c2
,0.8020584105831970,0.5628936358261580,c2
,0.47182683661329300,-0.390089567946698,c2
,0.9195590425061100,1.3753905279665000,c2
,0.4270252476971280,-0.22969165915952600,c2
,1.5996706442422500,0.052916691669190900,c2
,1.2017626348220600,0.7523252393592790,c2
,1.0182145521177900,0.057829572906128200,c2
,0.7959243895143800,1.1798174947364700,c2
,1.5176612661938800,1.0937993387455700,c2
,1.0762592695432100,0.2419481480218250,c2
,1.4888301385219900,0.6937721123032720,c2
,1.723181598209570,0.7187803919405180,c2
,1.1425673102238100,0.5122951026438160,c2
,0.7604848807937110,0.4778031905239880,c2
,0.22805671693594400,0.2823088131034780,c2
,0.7010110919658000,0.5550078785327750,c2
,0.8872775486767850,0.7189808421276270,c2
,1.2289302229271800,0.3737509355500350,c2
,1.379252682617410,1.3816606695743000,c2
,1.2043519624007900,0.711275227309396,c2
,1.5330050117589100,0.5591678712359180,c2
,1.0654902561150800,0.6471498602150370,c2
,0.9046571423545500,0.22732427010897800,c2
,0.8018200715267980,0.6192297993525310,c2
,1.2392994944836400,0.43327080652614600,c2
,1.3231099280085500,0.5857888173255260,c2
,0.8624098837669360,0.8969110328502340,c2
,0.9027144877001600,0.6755835380291780,c2
,0.70287012295506,0.3801419604604110,c2
,1.4494493955420100,0.7350366591981330,c2
,1.5507976921418700,1.2105118996042900,c2
,1.6757844191631300,0.6609413181161150,c2
,1.2319661805715900,1.0696724877683600,c2
,0.9208468902207400,1.2080469250242100,c2
,1.3906034405257200,1.105968026043510,c2
,1.1017146108627500,0.7048802852181820,c2
,-0.3000437012281690,-0.04784107388251950,c2
,0.674486203380224,0.6350723834274120,c2
,1.3248857132306700,0.5982072846799960,c2
,1.8466381520408300,0.6015179327465550,c2
,1.8052806966835700,0.8036818413442320,c2
,1.022515382932160,0.5671045084068500,c2
,0.9933056461971870,0.4608254223419650,c2
,2.429865653895850,1.3561697389624700,c2
,0.49051356981385500,0.2957919858988630,c2
,1.0469646257110200,-0.035771838225326900,c2
,0.9548614448489110,-0.03470932398274550,c2
,0.7855309441440030,-0.0510417659205995,c2
,0.5898811904024850,0.253231230994609,c2
,1.3567609617222300,0.5820725005281370,c2
,0.2412102318635680,-0.14287498457982200,c2
,1.0112816781166400,0.5475139296707010,c2
,1.122284281534670,0.8487960682962380,c2
,0.956025346906297,0.5126698492930510,c2
,1.875330754971990,1.1717488294985100,c2
,0.4477489214597790,-0.7728923702101960,c2
,1.0271425303549600,-0.08445194876401190,c2
,1.3204519358272600,1.1136301469916600,c2
,-0.3267860337528600,-0.48777817701248100,c2
,1.2086073555380900,0.6893952141594820,c2
,2.070263601592830,1.455771664751140,c2
,1.6798222049772400,0.4362700184743750,c2
,1.6506556356177800,1.4442455300815300,c2
,1.5422028492477500,0.7619772654867880,c2
,1.2206055706145700,0.9754869813592150,c2
,1.2827601574484600,0.9756169458093810,c2
,0.3667341036549880,-0.11678590170303300,c2
,1.73816465061915,1.0276679826642400,c2
,1.0481538791791900,0.28180181819115200,c2
,1.673068594149520,0.7124080850844820,c2
,0.4033095635546790,-0.1426747573301760,c2
,1.5772851511759300,0.4927180331509700,c2
,1.4216341221483900,0.8653912514732010,c2
,1.4019597076686300,1.2865640346447800,c2
,1.1978889932745000,0.9771643859888000,c2
,1.1492758576562900,0.5296107018443290,c2
,0.8489407267657790,0.4616677250858440,c2
,1.3763042896358300,0.5856978384400190,c2
,1.6124519054928700,0.3411468953526650,c2
,0.7406927289585830,0.03580887889419080,c2
,0.6476680233533800,0.5324194203401160,c2
,0.7162445486466440,0.051866377619361300,c2
,0.15315586365770100,-0.025261644884162900,c2
,2.022849583421380,0.8581886789966370,c2
,0.952864326054976,0.5649606539403630,c2
,0.6083501757355570,0.18921560254264100,c2
,0.050509411022256000,-0.4563439399258250,c2
,1.7496588862079000,0.5655557219346320,c2
,0.9056171297081890,0.63699390619502,c2
,1.3698591821912500,0.31363454612210200,c2
,0.6836415933353880,0.14245117746487700,c2
,0.5418815360647010,0.1688560422198210,c2
,0.6416211016887350,0.4620234145724280,c2
,1.5033307804366800,0.937712314694875,c2
,0.7763816116401190,0.013695196749625000,c2
,1.400091334182050,1.1441003828096500,c2
,0.9538456394495780,0.2324885476052690,c2
,1.0975414551209000,1.0028475869237600,c2
,0.18433949567971200,0.04595099225098650,c2
,1.399027292409500,0.7554790674146940,c2
,1.0123682068318600,0.7252239650114540,c2
,0.38642251285273400,-0.4557783731940210,c2
,2.0653223998683500,0.4116181391366960,c2
,0.5987061560103050,0.3868661403583770,c2
,0.48781740035050300,0.42454762011024000,c2
,2.3692215731730600,1.660067417053580,c2
,0.4998925280806120,0.6636084375268050,c2
,0.1730098490705940,-0.07004211402671780,c2
,0.2056521423487060,0.01623628004046310,c2
,1.19170133263584,0.7303012614378650,c2
,1.8934724041343300,0.7827053691214710,c2
,0.7390798567413060,-0.05658763825142220,c2
,1.8793265728626600,0.5756344925700740,c2
,0.8442677457516210,-0.04284874705702320,c2
,0.8685203970423910,0.09938125962755160,c2
,0.5081241072675590,0.33249226356648000,c2
,2.0446526499158400,1.8655522902393500,c2
,0.16880013312303100,-0.42629061058225500,c2
,0.9195980691390120,0.6502971748117880,c2
,1.2248837301191500,0.745636288469419,c2
,1.1551280959545700,-0.02188165760112200,c2
,1.3298755197636200,0.8202616764539340,c2
,0.028254389719441400,0.009100390344834340,c2
,0.9687896664271230,0.6087938492097490,c2
,0.22598924460660900,0.34042895381216000,c2
,0.17246651665955300,0.07470605101802290,c2
,0.8382468297419210,-0.3502630184710930,c2
,0.897201138996179,-0.2452349159660610,c2
,1.5536494592043400,0.6858277147357450,c2
,1.129046468254300,0.7647739530361540,c2
,1.8688431141265100,1.3799696263704900,c2
,0.795580695879907,-0.4234934517043200,c2
,-0.01143540089485900,0.13457827883357800,c2
,0.5017898599165140,-0.28235042120024800,c2
,-0.11558397960256000,-0.1579085018553180,c2
,0.4361865127915380,-0.4324751631063200,c2
,1.728581364324830,0.6147900461058630,c2
,0.7275950982345950,0.5712280259764110,c2
,1.506284852529980,1.1333914702580000,c2
,1.9909669094929800,0.9749101532085880,c2
,0.9493956319334410,0.44400859176185500,c2
,3.035572465083560,1.875420534888780,c2
,1.2380844138585200,1.0672440812116000,c2
,1.0955454298650200,0.11911535759423400,c2
,1.3564716512866300,0.6706409837614750,c2
,0.5032984422734760,-0.4494511880197360,c2
,0.6208848846877370,0.2598614319097370,c2
,0.5776645713992120,0.014024096528906400,c2
,0.44841313712821900,0.7015648094740810,c2
,1.54846915697708,0.6179975164026080,c2
,-0.10767154602321500,0.0049980968602511600,c2
,1.1221859982968800,0.0618929225521993,c2
,1.2273980008975300,1.5161591099257000,c2
,0.2494085920271900,0.7177454827440070,c2
,0.6694242413840860,0.365601929751208,c2
,1.307617045662740,0.9028858373562500,c2
,0.9706634169507600,0.6012144253719300,c2
,1.3826203595228800,0.4632028072510090,c2
,1.6167680268287900,1.161820996789710,c2
,0.7948554093397330,0.26819598466656600,c2
,0.8891714830096940,0.6896187843772050,c2
,0.7224025274197620,0.018477020460722300,c2
,1.1113270408301700,0.35998500260826700,c2
,0.4780495284513990,-0.3860265341763470,c2
,1.476673171484240,1.131287733969300,c2
,2.0814329949500400,1.5696236202774400,c2
,0.9263911117994560,0.6460387863011770,c2
,1.1772925375643300,0.8446812859584060,c2
,0.1506410023794750,0.12198621837074100,c2
,1.3573664955133600,0.5989136832939440,c2
,1.3665887513310700,0.9881295049409840,c2
,1.399124784808330,0.6296573608551980,c2
,0.3777357634084380,0.2060324650427690,c2
,1.1676106931387400,0.9400905091654760,c2
,0.9653745159953520,0.3918957928752200,c2
,1.1507951567407500,0.6554265681642250,c2
,1.3019052727026400,-0.025082739342176300,c2
,1.0361427003710200,0.45149265673402100,c2
,1.732591495550990,0.8955878030147470,c2
,1.2428068679969300,0.3719629726572300,c2
,1.205267966086020,0.3881946887044860,c2
,1.84663123431657,1.2950474689864300,c2
,0.6745494414938290,0.1499933810714140,c2
,1.3810801677840900,1.1280168904974300,c2
,0.9568184077647830,0.9224939961444910,c2
,1.2220437445877100,0.2197172177440300,c2
,0.8999220952942220,0.7403187318127870,c2
,-0.3334095392555960,0.09373370084950440,c2
,1.283542550104280,0.5304940545354750,c2
,0.2342497539238260,-0.17159699763292900,c2
,0.8825655434046030,0.9587305339984060,c2
,1.486105852742060,1.4505208260424600,c2
,0.8532239615330230,0.43282529503898800,c2
,0.8238647344737630,-0.30751305747586600,c2
,0.7057301770696650,0.42307789588886200,c2
,1.5528493262964100,-0.08558134697558470,c2
,0.4135587552166570,0.6833271660199830,c2
,0.8721224160093600,0.8574532632734910,c2
,0.5154218327888190,-0.4062842430710370,c2
,0.6691131695005030,0.596584300117351,c2
,0.48389962998454800,-0.19268559229186900,c2
,2.027190235075010,0.37587573913412100,c2
,1.4570445259077700,0.9283914009793020,c2
,1.0561227348031500,0.6313383458044,c2
,2.0969593970554700,1.2170209195382900,c2
,1.1411460686865200,1.0303544313893900,c2
,0.9003989529080950,0.2854584166662040,c2
,0.8134983238160550,0.34818148873697200,c2
,1.4313333293076300,0.3880837060726890,c2
,0.46010919792070900,0.7208398921466090,c2
,1.2022564039063000,0.8261933526730020,c2
,0.8957121877925650,0.7981951730459110,c2
,1.1543187164726100,0.8541701605424200,c2
,1.385455546072270,0.4316558683003640,c2
,1.5319082968404100,0.10214114050037100,c2
,0.5917575749185220,0.06701513803968470,c2
,0.974079715662133,-0.09171984293878640,c2
,0.6813519376895330,0.3469639302741860,c2
,2.141697765072690,0.8327405732382900,c2
,0.8429234573339560,0.8948865691809430,c2
,0.9222646127554070,-0.05149196445367230,c2
,1.0386485068025300,0.008323808054026770,c2
,1.2668274171529700,0.9431505823198790,c2
,1.5722060372205900,1.4875020793469600,c2
,0.4670047632306820,0.18517575705218100,c2
,0.6358617623897020,-0.33543342214828100,c2
,0.719523963295438,0.06832610153301290,c2
,1.3576048959982800,1.3969767712456200,c2
,1.0632878929935000,0.4342426022464470,c2
,1.1434183502158700,-0.19900252331195500,c2
,1.6770981362073800,0.8065839810602330,c2
,1.0507350223745900,0.540899443541513,c2
,0.3058484263948100,-0.1081908262504050,c2
,0.6110950238549770,-0.4955869811531410,c2
,0.5139679196839110,-0.29004104239823800,c2
,1.2465381698092600,0.709653584749875,c2
,1.427408393372000,0.6009549905379910,c2
,1.86798655895275,1.1101046422419000,c2
,0.7111770358907340,0.3585000542824080,c2
,2.0585881943384700,1.1484050524231000,c2
,0.36944623284524100,-0.3883769598342430,c2
,1.6497138984635300,0.981888348676291,c2
,0.19679279097662500,-0.5695098871359390,c2
,1.345531733896940,0.9090137257814670,c2
,1.1356936428268700,0.8080598492685830,c2
,1.0852589275630800,0.7137723408711230,c2
,0.7670603467292970,-0.30758294081903300,c2
,0.830209914139579,0.5068777989372140,c2
,1.2906532996093500,0.7619877608344230,c2
,0.560718201975457,0.19643725566467100,c2
,-0.09681119703588160,0.416205095107283,c2
,0.8065085806701850,0.3036158445601210,c2
,0.586151867325009,0.30647872619290900,c2
,1.4264962110681700,1.3318197286158100,c2
,0.7972714230018490,-0.23078988249387500,c2
,1.341056305951470,0.6902511789058910,c2
,0.12782642664561000,0.38752610222986400,c2
,0.49896321220594900,0.4674656078493930,c2
,1.1203728152675700,0.2898114231578430,c2
,1.0779356980883700,0.5069457048259220,c2
,0.9685746554208170,0.5638668758215990,c2
,-0.0025445754255935000,0.006580586927650230,c2
,0.031208941575707000,-0.46435157582511100,c2
,1.1451947666335200,0.011710268867764300,c2
,1.0698573316259100,0.8334264067653740,c2
,0.24504422276345300,-0.06934066872443790,c2
,0.3798317184135990,-0.0067198119308716800,c2
,0.7911542962103170,1.3213902475783100,c2
,0.9112772459852620,0.015341152816729400,c2
,1.6500994093492500,0.4472967111044460,c2
,0.8781355272858960,-0.4457452691051060,c2
,0.670046045239707,0.24040834013040600,c2
,0.6404182754740240,-0.1815537472228880,c2
,0.9737064119784850,0.35124770648537200,c2
,0.6984895489562940,-0.34826205428393700,c2
,1.7349876132639100,0.005755524924620230,c2
,0.6184287964907010,-1.115134435024170,c2
,1.9576979416932000,1.9357720423978700,c2
,1.9592812052379400,0.8593462836233840,c2
,1.2486778510126700,-0.3221578380757710,c2
,-0.4155232201806760,-0.1582281857399580,c2
,1.279434277462160,1.6286245359154400,c2
,0.7802145578886140,0.4728987338390630,c2
,0.393487643763329,-0.4978471925959730,c2
,1.204285554100060,0.8267235153296800,c2
,0.864611574697379,0.08452347012332270,c2
,0.7968018159310640,0.25853385802207300,c2
,1.4637413472200300,1.0765089187225600,c2
,0.021683221136463700,-0.05796413103366670,c2
,0.5565389019243770,0.03623153184160890,c2
,2.3310065141055200,0.7974137252609790,c2
,2.394554061873630,1.6787969261502300,c2
,0.6758701472608620,0.3692882336078820,c2
,0.5057315572558040,-0.15939762786267700,c2
,0.3543162676541830,-0.4311965860266030,c2
,0.6387610897332500,0.37296443220379600,c2
,0.9381156172165040,0.12020483794630500,c2
,1.0283871183145100,-0.14278297458482700,c2
,1.9766751755150900,1.3731262786534100,c2
,0.24758040550800600,0.021639491003958200,c2
,0.9508727640060870,0.7285523666019030,c2
,1.605830730063820,0.7337547118331610,c2
,1.3356368448188200,1.2895568352550000,c2
,0.8800235477628650,-0.4224231385541680,c2
,1.5637098931471500,0.8672512605330100,c2
,1.0640841592106500,-0.09934415714135540,c2
,0.9054154939322030,0.6553752997471960,c2
,0.8783557322764820,0.09696024460596540,c2
,1.7715377093916800,1.4791121358116200,c2
,1.4234119710833600,1.4786023143379800,c2
,1.5119765093561000,1.052011056320100,c2
,0.2754952022034880,0.0790242417587892,c2
,0.1697935431906460,-0.03561657402994820,c2
,1.4552197480771000,1.0511534526383000,c2
,1.4280787362414300,1.954427717682220,c2
,0.7624262571273440,1.061473343333870,c2
,0.46833440788582800,0.3000846274269200,c2
,0.8847792120689780,0.6772700128478110,c2
,0.23368195409187800,0.32421963914846200,c2
,-0.15684869432228800,-0.36749423001310600,c2
,0.7560486459953250,-0.31952127487909300,c2
,1.6173540075468300,1.1768360553042900,c2
,1.8041506194957200,1.0921509019643500,c2
,1.2306231172883800,1.4946887315370300,c2
,0.2942477800175860,-0.46580891330227800,c2
,1.1286316519452700,1.1207446488935900,c2
,1.1971748678059700,1.0520611483109700,c2
,0.4006411237501090,0.5376354589065630,c2
,0.8586972303664860,-0.08439199360593590,c2
,0.9031738783367390,0.8017732397191000,c2
,0.3300218073016510,0.43413604481031800,c2
,1.133160472297000,0.6994861324849470,c2
,0.9349358987017970,0.016159019067845900,c2
,0.1505076652767490,0.4222089147841690,c2
,1.4160245017520000,0.8965385788008100,c2
,1.0733874828510200,0.5153021258650580,c2
,1.1270307538416000,0.5517585974642180,c2
,0.1201147530377810,-0.4625914018289830,c2
,2.2095873172104000,1.3630896316307300,c2
,0.822067043387104,0.3120375982831380,c2
,0.6632787592450770,0.12070515465584500,c2
,1.184848406561720,1.382845959973740,c2
,0.12340743977435800,0.5402587654599990,c2
,1.4689000879894000,1.60546054324101,c2
,1.3921185774036600,0.7101884917568550,c2
,1.3284872652701100,1.0634848190459700,c2
,0.6864333742345590,0.10777680197431100,c2
,-0.18939615223210500,-0.5836629518125030,c2
,0.7618753809743690,0.2326816843184190,c2
,0.9545792097654900,0.0910512285689008,c2
,0.5509614815091450,0.5644248012726670,c2
,0.8676992433420780,-0.015307399044455900,c2
,2.1088811553540200,1.5034090387179100,c2
,1.851695422130330,1.5775669875915500,c2
,1.0554606323315600,0.5321217930871810,c2
,0.224541467145687,-0.1259803078129860,c2
,0.6124706655503700,-0.06971424617566570,c2
,0.7208596276881410,0.7575868273545560,c2
,1.106972569724350,0.46788469789477500,c2
,1.2624486318868900,0.6744200833674640,c2
,1.5473168211986700,1.098783943185700,c2
,0.5422570086323260,-0.1052766363611420,c2
,0.7153068352483130,0.24109140076526500,c2
,1.2314982643737800,0.7694759521847090,c2
,0.7582675719749550,0.9075845259958010,c2
,0.4436760103451630,-0.5842671994309670,c2
,1.471635720814340,0.7058412666765570,c2
,0.5169967924909510,-0.19411298052437500,c2
,1.0079003788211800,0.3249260467282310,c2
,1.6167194255301900,0.7836829945106090,c2
,1.183135018292990,0.8870528831250340,c2
,0.9541046304187910,0.9838757582830150,c2
,1.0452312116920800,0.28445695850656500,c2
,1.8242349105248600,0.6977353347819880,c2
,0.3693265399291570,0.2551657839362380,c2
,-0.1170604770686470,-0.39195387807760000,c2
,1.264830010488440,0.02813885462196230,c2
,1.818996545583830,0.2363190819579140,c2
,0.5650626363697610,0.19879868430657300,c2
,0.7234906866235630,-0.09877501867007260,c2
,1.704793714603900,0.6683265875460630,c2
,0.4579644230816900,0.35991909379904100,c2
,1.33874835038363,1.1691536555077600,c2
,1.4310937219751300,0.951933521758407,c2
,0.960341471800622,1.301073545865450,c2
,1.683476120608340,1.003929878727310,c2
,0.2730322351956270,-0.4625090428850320,c2
,0.7234604301174440,0.2899339364040430,c2
,1.6330400956518000,0.9856666419716300,c2
,1.1776046434291100,0.9836268991360360,c2
,0.7985888966992350,-0.23915010127047100,c2
,1.4706618344871400,0.9370674719005190,c2
,0.7734256409474680,-0.1459441680068960,c2
,1.3655823674914900,0.7953663628386280,c2
,1.1225727969215900,0.6303619878056530,c2
,0.03124972920430920,-0.11903929943147900,c2
,0.677149074654127,0.5730330502666910,c2
,0.16953883027770700,-0.012299405470054000,c2
,0.6424745312914330,0.7355202415856760,c2
,0.14803699107670800,0.4946814135956010,c2
,1.0847551887500400,0.20085931205523100,c2
,1.5421676217102600,0.891251836092456,c2
,1.3965986895979100,0.1996318166699440,c2
,1.431731587889130,0.8628690634077440,c2
,1.100525419785820,1.3469370146123000,c2
,0.8000895189469780,0.5984998964470720,c2
,1.2232547064784500,0.8298770597943710,c2
,2.2956131148354200,0.7899544211429910,c2
,0.9028710603295740,0.570885967832954,c2
,0.9164952779350690,0.8379460678908670,c2
,1.4417813812057400,0.8011706213639540,c2
,1.5360823717025400,0.8092115864954860,c2
,0.9120960998562980,0.9968280202797680,c2
,0.5556311998632830,0.1319713208202640,c2
,0.906341382349817,0.1909614433628280,c2
,0.23718090510146900,0.5078798955876280,c2
,1.4134965516547200,1.0867325846236000,c2
,1.047294487537150,1.0464309891398300,c2
,0.5367688837214790,0.24668635273114600,c2
,1.3434690700746400,0.9370214477410350,c2
,1.255978837937820,0.6154404848272670,c2
,2.096733386721500,1.1601290845768700,c2
,0.6561098046500020,0.052154828079629500,c2
,0.6861720449303220,-0.00979887840996585,c2
,1.8250469650479900,0.8670893378562080,c2
,0.6024397934498640,0.0775337077740692,c2
,0.756854032870062,0.20187915991701100,c2
,0.7650835477455960,0.19680835756240600,c2
,1.7219632701185800,0.896994321311359,c2
,0.4747290444189870,0.09471366246383350,c2
,1.2615214947319200,0.6442196295655860,c2
,0.632224827488701,0.2137202037014170,c2
,0.7514873973457760,0.6009580636988080,c2
,0.7710302078378100,0.22284025461745400,c2
,1.6344735900704700,0.6653330828425020,c2
,0.9835907142660570,-0.25773224681636200,c2
,1.1980149790277200,0.2682478194684350,c2
,1.3200665448162900,-0.010157094031038500,c2